customer_id,total_spent
17884.0,3072.89
14285.0,3284.42
16596.0,579.63
16822.0,181.39
16656.0,16833.17
17032.0,3004.6000000000004
16858.0,4668.280000000001
15311.0,116771.15999999999
15750.0,6797.191000000001
14123.0,436.17999999999995
16353.0,9999.46
14211.0,4402.29
15898.0,5596.310000000004
17825.0,731.96
16600.0,2153.41
12609.0,3435.8599999999997
14064.0,3332.4199999999996
15413.0,6798.72
17063.0,3638.5299999999997
17343.0,1259.9399999999998
14955.0,163.76999999999998
15953.0,3669.55
12600.0,5043.92
15823.0,3897.1700000000005
17675.0,38259.600000000006
16222.0,1345.2200000000007
13871.0,7885.849999999999
13929.0,3494.0999999999995
14478.0,1276.66
16550.0,9435.13
15674.0,6948.2300000000005
14171.0,498.78999999999996
17400.0,4677.049999999999
15428.0,762.75
15100.0,2894.7
15910.0,2681.7999999999997
14640.0,3667.0600000000004
13577.0,3489.2800000000007
15498.0,26039.58
18251.0,26278.86
17465.0,2542.7900000000004
13154.0,1624.8400000000001
16192.0,351.3
16746.0,18066.4
17270.0,604.4000000000001
13770.0,785.3699999999999
16694.0,98.30000000000001
17193.0,2310.04
16945.0,8548.16
12487.0,285.29999999999995
13825.0,255.59000000000003
17262.0,2757.6200000000003
16150.0,4395.59
15521.0,7106.6900000000005
13634.0,5073.47
17320.0,2895.77
13648.0,1764.02
18001.0,953.84
12471.0,39963.79000000001
12978.0,2502.8199999999997
16985.0,10923.16
14095.0,2.95
13259.0,1433.3799999999994
15303.0,1224.1799999999998
13979.0,3416.2299999999996
12583.0,14447.439999999999
18077.0,4338.56
15291.0,13846.560000000001
13037.0,3914.9500000000003
16773.0,421.24
15642.0,105.78000000000003
12842.0,1917.99
12437.0,12683.399999999998
18092.0,16179.44
13026.0,1733.0800000000002
17211.0,4046.65
14484.0,1070.98
13427.0,1006.5300000000001
14105.0,5988.830000000001
17949.0,118628.08000000002
17764.0,1623.64
14648.0,4546.8600000000015
16365.0,3307.2
16127.0,801.3100000000001
16434.0,2741.74
13543.0,1439.6100000000001
14302.0,742.9000000000001
16779.0,33268.24
13081.0,59205.149999999965
17487.0,160.54999999999998
13995.0,3902.0099999999993
17962.0,687.4199999999998
12636.0,141.0
16620.0,1758.93
16156.0,6218.18
14710.0,1922.5899999999997
18219.0,3562.8900000000003
13902.0,34095.26
12703.0,1006.5299999999999
15711.0,420.25
13089.0,116737.86
13206.0,8377.32
12854.0,2994.0199999999995
13403.0,229.5
17218.0,4192.68
14654.0,246.86
14771.0,594.62
13931.0,5257.380000000002
16497.0,6695.279999999999
16124.0,1772.49
17592.0,148.3
13679.0,281.2600000000001
17858.0,12797.649999999998
13204.0,966.66
13767.0,35540.530000000006
14865.0,129.72
14000.0,2046.3400000000001
13485.0,3019.2200000000003
13329.0,5112.970000000001
18134.0,445.0
15691.0,571.3
15865.0,2248.92
15615.0,21373.969999999998
17150.0,1375.65
13890.0,2927.38
14751.0,126.45000000000002
17469.0,5051.249999999999
17662.0,412.92
14735.0,12240.160000000002
14548.0,2627.4900000000002
15716.0,3056.8100000000004
18002.0,249.92
16280.0,238.04999999999998
16701.0,9916.730000000001
15581.0,7794.590000000001
14670.0,602.0
17371.0,662.55
17623.0,2383.67
18177.0,2216.8700000000003
14146.0,9450.300000000001
15434.0,2567.0600000000004
14341.0,4467.32
15489.0,2419.61
13599.0,10167.630000000003
12948.0,2317.43
13001.0,24172.099999999995
17432.0,1751.3900000000006
17561.0,722.3400000000001
12957.0,8706.970000000001
17802.0,5053.120000000001
16792.0,623.4599999999999
16277.0,188.69
14043.0,304.25
14869.0,2804.24
18171.0,2437.31
14870.0,1838.95
14560.0,6114.03
13175.0,831.4499999999999
15369.0,6251.260000000001
12920.0,488.09
17362.0,1024.04
17871.0,1118.9899999999998
18057.0,1203.5600000000002
15061.0,137818.51999999996
14894.0,1492.81
17969.0,2369.9399999999996
12941.0,377.4900000000002
18012.0,115.3
12867.0,7913.29
16103.0,6191.71
15421.0,3805.34
17012.0,384.15999999999997
15270.0,8524.86
14286.0,8479.76
13782.0,1793.72
14738.0,1821.9
17242.0,2889.2799999999997
15523.0,17359.99
14898.0,3507.81
17457.0,5984.81
16409.0,5709.039999999999
17082.0,4732.03
17323.0,1565.5900000000001
14160.0,8421.47
15795.0,1979.8700000000003
14530.0,6197.400000000001
13527.0,4683.740000000001
15420.0,743.0
16952.0,798.7800000000001
14413.0,770.37
12836.0,6585.62
12949.0,15526.699999999993
13948.0,548.76
16892.0,762.0999999999998
15827.0,3794.0699999999993
16787.0,1035.4299999999998
14204.0,1062.96
14723.0,2093.0599999999995
14525.0,8240.640000000001
14621.0,3000.5700000000006
14031.0,40999.16999999999
14940.0,531.49
14037.0,836.9500000000002
14291.0,7904.1
17184.0,198.41000000000003
14685.0,4619.790000000001
13965.0,996.61
17941.0,1433.28
13762.0,2472.4800000000005
14110.0,12987.949999999999
14080.0,1115.6799999999998
14471.0,400.95000000000005
13576.0,11551.74
18276.0,1656.5200000000002
14451.0,3308.77
16711.0,2868.48
15751.0,1380.44
12648.0,1112.0
13907.0,136.8
15181.0,1200.2
17696.0,7679.589999999999
18097.0,4663.32
16772.0,3723.5499999999993
12631.0,3481.5699999999997
14320.0,1346.75
13408.0,51733.46199999999
16395.0,3537.850000000001
16641.0,554.5
17222.0,1605.0100000000002
13585.0,684.54
13313.0,3445.3199999999997
17047.0,2289.23
13462.0,1153.8500000000001
13111.0,321.88000000000005
14837.0,3460.3200000000006
17581.0,18757.75
17707.0,609.3000000000001
15628.0,5652.26
18037.0,167.42
12435.0,13925.929999999998
13694.0,196482.80999999997
14063.0,22710.199999999997
13415.0,800.6699999999998
13082.0,7335.75
15064.0,1254.41
16422.0,63651.46999999999
13877.0,449.68000000000006
14879.0,185.06000000000003
13162.0,9275.490000000002
15162.0,312.9
16143.0,4910.830000000001
15916.0,3427.17
12939.0,25264.8
16200.0,5643.449999999999
14159.0,7938.010000000002
14057.0,8408.84
14958.0,957.94
18094.0,6391.52
15549.0,2345.96
15126.0,449.48999999999995
13807.0,534.8
17908.0,1411.5399999999997
17572.0,723.01
13405.0,1213.811
13821.0,1410.73
16524.0,308.13999999999993
16287.0,1006.98
15601.0,14960.12
12934.0,181.65
17935.0,686.14
14238.0,434.23
14709.0,8886.33
15441.0,1254.21
17625.0,6067.799999999998
15879.0,1157.2999999999997
14839.0,915.28
17753.0,390.55999999999995
14016.0,11403.41
14714.0,906.24
14979.0,439.45999999999987
16933.0,3181.25
17075.0,2241.7299999999996
13287.0,781.5899999999999
14892.0,202.35000000000002
16523.0,11916.330000000002
15483.0,862.2
14608.0,3352.94
17230.0,9924.95
14030.0,8262.290000000003
14081.0,5370.1
16749.0,4387.08
13787.0,1222.5
12877.0,2955.17
13078.0,29532.44999999999
12359.0,8935.94
15640.0,23957.58
15812.0,5201.47
14949.0,515.0
15164.0,2068.9199999999996
14653.0,3614.54
17377.0,18319.410000000003
18108.0,848.8100000000002
17069.0,5794.280000000001
17388.0,2691.57
17290.0,1501.44
13050.0,12344.529999999999
15184.0,689.95
17496.0,1412.89
15727.0,9445.51
15998.0,8308.340000000002
17940.0,30393.19
14107.0,4877.3
15965.0,3013.0899999999997
13114.0,234.37999999999997
15882.0,1495.9799999999996
14472.0,2228.22
16771.0,3967.600000000001
13831.0,7023.58
17460.0,2228.2700000000004
17920.0,24516.459999999995
12785.0,1100.4
17539.0,1226.57
17318.0,164.28
12971.0,15972.789999999999
16867.0,76.74000000000001
14106.0,214.79999999999998
15479.0,147.39999999999998
14861.0,1380.73
17512.0,5467.820000000001
14796.0,10889.640000000001
17646.0,4149.79
17875.0,167.1
15712.0,3472.41
14299.0,14499.49
17606.0,87.30000000000001
13589.0,1120.7400000000002
15878.0,330.77
17213.0,5182.3
17961.0,2995.5400000000004
17660.0,359.46999999999997
14867.0,2952.0599999999995
14298.0,91194.49
17797.0,1985.8700000000001
15713.0,1010.79
16742.0,2852.61
13457.0,148.22
14841.0,7162.999999999999
13416.0,940.8
13848.0,3335.0
14401.0,6795.900000000001
14055.0,1520.96
14329.0,9927.220000000001
17056.0,128.60000000000002
14799.0,338.15
17909.0,132.55
16410.0,130.32
13542.0,4006.1700000000005
15152.0,5263.830000000001
16722.0,8989.080000000004
16366.0,1548.1300000000003
13315.0,310.26
14667.0,21927.140000000007
15684.0,173.95000000000002
16735.0,6270.560000000001
14466.0,4646.9
13013.0,12625.770000000002
15566.0,227.87
13203.0,2648.25
14388.0,6701.0
14538.0,1370.8400000000001
17611.0,8371.98
13641.0,1016.4700000000001
13953.0,6640.679999999999
15188.0,310.42999999999995
17352.0,36.25
13394.0,6621.7
16940.0,6427.659999999999
14062.0,25604.199999999997
15032.0,13780.649999999998
16660.0,1879.55
14739.0,12287.5
13736.0,2766.21
14113.0,7092.61
12358.0,3887.0700000000006
12709.0,31093.339999999993
12860.0,55.47
16004.0,2146.39
14040.0,12645.570000000002
12975.0,2100.0899999999997
15822.0,1840.06
17610.0,1529.4900000000002
13571.0,4546.54
18203.0,504.42
14541.0,2499.68
14465.0,3946.03
15917.0,560.6299999999999
17414.0,2249.52
16351.0,3330.03
15514.0,6598.55
14607.0,24137.63
12708.0,5314.0999999999985
14983.0,183.2000000000001
17071.0,3801.2000000000003
15085.0,347.53999999999996
17142.0,1283.75
16525.0,24582.639999999996
16158.0,628.32
16782.0,10438.410000000007
13735.0,9813.22
14532.0,3859.1800000000003
14070.0,326.54999999999995
12647.0,17924.35
17810.0,374.8099999999999
17115.0,2761.4900000000002
13319.0,22082.5
12979.0,517.7000000000002
17677.0,36692.909999999996
14556.0,835.3399999999997
12577.0,1653.7499999999995
16485.0,2294.68
18271.0,680.8499999999999
15209.0,178.97999999999996
12440.0,859.2000000000003
12980.0,16245.779999999999
16612.0,3245.43
17329.0,1004.4300000000001
14732.0,5517.0700000000015
16064.0,111.00000000000003
12649.0,2294.65
17180.0,2256.9799999999996
14468.0,204.24000000000004
13136.0,6274.56
15805.0,10189.23
14324.0,701.6100000000001
17245.0,371.63
16206.0,2602.3199999999997
14977.0,31.929999999999996
14441.0,4611.69
13768.0,875.97
15885.0,1951.82
17243.0,20889.860000000008
14133.0,911.1400000000001
13905.0,312.65000000000003
15503.0,267.15000000000003
17888.0,1820.44
12490.0,9823.640000000001
14828.0,9839.460000000001
16719.0,3973.3
12683.0,12696.78
13209.0,8509.509999999998
16436.0,329.34
17591.0,2776.67
17322.0,922.5900000000001
13093.0,54943.64999999999
13418.0,12233.6
13847.0,310.7199999999999
16510.0,2100.0
14343.0,1088.9099999999999
14431.0,2614.2000000000007
18102.0,608821.6499999999
14527.0,27792.299999999992
16210.0,38489.509999999995
13199.0,16432.890000000003
15547.0,10154.390000000001
14003.0,209.41
13267.0,9758.26
16327.0,10731.34
17596.0,4920.670000000001
14769.0,15771.879999999997
17833.0,342.36
16862.0,662.3299999999999
17335.0,508.0
14871.0,1258.97
14061.0,917.43
18061.0,6488.969999999999
15059.0,3523.5699999999997
13510.0,4558.29
12951.0,3213.7200000000003
13622.0,658.95
15605.0,1936.8
14754.0,1550.48
17804.0,385.23
13141.0,7668.58
14404.0,2899.1099999999997
13901.0,5676.340000000001
13616.0,288.1
17966.0,1974.4199999999998
16791.0,4038.6899999999996
12759.0,5020.740000000001
16723.0,1301.63
14479.0,1299.1099999999997
12733.0,2424.87
14156.0,313946.37000000017
13800.0,1679.5599999999995
18225.0,13054.26
14408.0,4109.77
12623.0,3747.84
15771.0,1006.54
17818.0,130.17999999999998
16645.0,160.39
16663.0,165.0
14210.0,5861.5199999999995
14327.0,1894.93
13152.0,2146.38
13249.0,1608.9300000000003
15353.0,3175.95
17716.0,15956.969999999998
15860.0,2505.21
14702.0,6754.22
16950.0,3784.37
15808.0,18409.93
17019.0,4012.1999999999994
13958.0,4709.2300000000005
15924.0,102.82000000000001
17929.0,3082.1
15862.0,2928.2899999999995
18036.0,1563.6399999999999
17706.0,20749.980000000003
15144.0,12160.309999999998
17091.0,7811.1
15607.0,1708.9699999999998
14755.0,9972.55
17416.0,17298.449999999997
16595.0,1810.1800000000003
14715.0,1840.4499999999998
17246.0,38.92
15658.0,2423.4700000000003
16159.0,1232.7900000000002
16755.0,2900.58
15956.0,617.5999999999999
15169.0,569.22
15499.0,161.6
14555.0,2315.6299999999997
12916.0,4654.0199999999995
15755.0,5993.119999999999
12747.0,9276.539999999999
17854.0,1071.4499999999998
16843.0,19571.43
14415.0,12091.600000000002
15299.0,7991.54
16585.0,341.59000000000003
15359.0,181.35
17681.0,731.2
16763.0,964.7000000000002
14831.0,1676.5700000000002
16883.0,2396.59
14239.0,4263.17
17231.0,7197.040000000001
15562.0,673.3799999999999
17028.0,1593.8300000000004
13468.0,13390.51
15394.0,5286.799999999999
17372.0,4377.5599999999995
14643.0,1679.8899999999999
16119.0,1720.8100000000004
14209.0,4993.27
15362.0,613.0799999999999
17191.0,4836.05
14549.0,916.5499999999998
15403.0,170.88
15465.0,12655.650000000001
18220.0,1921.76
13711.0,1792.26
13211.0,2729.32
16798.0,848.7099999999997
16017.0,1553.83
16414.0,559.7099999999999
16987.0,2535.8999999999996
15768.0,15601.089999999998
17017.0,14110.610000000002
16710.0,6349.089999999999
13410.0,2201.96
13855.0,1310.3400000000004
16253.0,7310.15
13077.0,3064.6699999999996
14905.0,1971.3899999999999
12714.0,14093.71
17076.0,1242.7499999999998
16964.0,207.85
17988.0,489.53999999999996
12540.0,22254.489999999998
12472.0,17880.59
14042.0,431.9799999999999
17776.0,338.56
12539.0,11214.749999999998
16888.0,437.15
12813.0,1687.8000000000002
13027.0,17335.2
12586.0,2062.67
14083.0,1407.26
14137.0,332.7
16087.0,1739.92
13526.0,1182.0000000000005
17189.0,957.6300000000001
13208.0,1988.5
14750.0,112.03000000000002
12748.0,56599.389999999956
12820.0,2689.52
13025.0,323.39
15031.0,3156.5800000000004
13769.0,5800.42
14045.0,11313.029999999999
16634.0,1814.6099999999997
13085.0,2433.28
15759.0,830.9300000000001
15550.0,2218.8000000000006
17018.0,2287.7
16592.0,7807.91
14194.0,18670.589999999997
12755.0,9030.659999999998
12531.0,1933.1999999999996
13442.0,419.87
14987.0,1713.8500000000001
13019.0,1229.95
14099.0,5765.71
13473.0,2657.76
17511.0,175603.55000000005
12839.0,10071.729999999996
16802.0,582.6099999999999
15577.0,397.9799999999999
15324.0,140.22000000000003
14274.0,256.6
17421.0,1059.41
18065.0,5866.630000000001
14626.0,5410.919999999999
12664.0,6070.04
14032.0,4850.2699999999995
12613.0,6835.070000000001
16393.0,5561.66
14838.0,773.6700000000001
13753.0,2094.5699999999997
13455.0,2905.93
17043.0,2616.55
15044.0,16204.330000000004
18242.0,3605.21
14717.0,81.3
15623.0,2437.05
13317.0,6486.091
16109.0,939.4799999999999
16131.0,9957.420000000002
16918.0,3213.29
15983.0,3958.8199999999997
18162.0,379.15999999999997
16709.0,9087.460000000001
17296.0,338.13
17880.0,824.9199999999998
15367.0,5081.33
15494.0,3780.05
14191.0,4817.659999999999
12549.0,1575.68
14295.0,2362.91
16805.0,1097.24
16769.0,1141.7499999999998
17873.0,6515.88
17865.0,26374.39
15223.0,1417.95
14154.0,6460.699999999999
13777.0,56478.420000000006
14669.0,3243.9300000000003
17441.0,293.35
15694.0,10810.809999999998
16125.0,4587.65
16195.0,323.25
15863.0,358.7
15485.0,5771.51
17155.0,892.4599999999999
12924.0,2469.4
14593.0,3712.01
12917.0,4359.2
12422.0,5231.8
16282.0,1307.5800000000002
13555.0,8999.19
17742.0,2098.48
13999.0,9502.26
14590.0,3006.62
17860.0,1015.5400000000002
14161.0,3318.879999999999
15497.0,8657.390000000001
17454.0,1547.9399999999998
17476.0,489.86
16126.0,14646.8
15309.0,797.96
18172.0,17479.840000000004
12843.0,6588.409999999999
13952.0,12823.521
17794.0,147.3
16255.0,4906.8
16718.0,3647.5300000000007
14679.0,1289.44
15912.0,1074.6999999999998
17910.0,261.7
13781.0,778.83
15240.0,4459.9800000000005
16556.0,8012.580000000002
16400.0,3159.4399999999996
12439.0,1158.1799999999998
17251.0,812.4300000000001
13413.0,429.44000000000005
16736.0,2956.5599999999995
17364.0,12070.42
17188.0,4592.93
15573.0,1207.1799999999998
17958.0,973.8799999999999
17529.0,1240.25
14256.0,2473.9900000000007
15296.0,10342.830000000004
15179.0,7491.92
13021.0,4887.24
13693.0,2011.82
14215.0,3416.329999999999
15633.0,4352.460000000001
16830.0,1207.5
12826.0,2955.75
13921.0,730.7
18252.0,1542.09
17113.0,2322.5900000000006
13635.0,2999.16
12913.0,6700.860000000001
17151.0,231.9
15641.0,5345.550000000001
17178.0,436.7099999999998
15858.0,3960.370000000001
15534.0,162.25
18006.0,997.8600000000001
18008.0,19787.129999999997
18199.0,344.75
15945.0,827.27
14425.0,661.3900000000001
16560.0,3048.38
13338.0,2445.62
12986.0,2729.84
17638.0,842.4
14442.0,5367.0199999999995
13982.0,4445.59
12857.0,3687.9999999999995
17867.0,1621.28
14483.0,257.1
16003.0,5613.83
13946.0,1876.23
16541.0,424.0299999999999
14558.0,655.5
17293.0,3774.2299999999996
15078.0,17761.88
13382.0,1387.5800000000002
12992.0,93.35000000000001
17700.0,6679.969999999999
12921.0,35921.03999999999
13895.0,4008.52
18259.0,4318.200000000001
15889.0,1806.28
13000.0,1032.5000000000002
13289.0,307.95
17927.0,294.0
16875.0,4234.530000000001
14849.0,15763.450000000003
17519.0,5109.469999999999
13666.0,127.9
15157.0,2654.1100000000006
15838.0,74162.99999999999
14969.0,906.23
16085.0,2343.53
15984.0,8759.32
16029.0,122209.14000000001
18268.0,1490.23
17965.0,7240.980000000002
17368.0,2826.1400000000003
16908.0,252.59
15542.0,918.45
12779.0,6722.2699999999995
13984.0,2048.6
12989.0,13551.750000000002
18201.0,447.53
14819.0,470.15999999999997
15329.0,2984.33
12987.0,1312.21
12362.0,5356.2300000000005
17157.0,5151.9
13087.0,313.64
17087.0,221.53
14347.0,82.60000000000001
12417.0,6816.91
14546.0,5197.9
12443.0,485.31000000000006
15911.0,1702.3400000000006
13729.0,724.73
16321.0,604.55
15482.0,14592.56
15382.0,13733.550000000001
15484.0,4656.0
17027.0,1327.11
16725.0,1882.1099999999997
16841.0,4006.0600000000004
17769.0,7103.080000000001
17642.0,1824.49
17950.0,1432.81
15662.0,283.73
12758.0,9903.240000000002
17035.0,613.59
17851.0,1563.3400000000004
15571.0,4051.6300000000006
17085.0,7891.409999999998
13798.0,75836.87
12926.0,1548.46
17233.0,560.86
16296.0,1313.67
17023.0,800.18
12533.0,1367.89
14896.0,2092.42
13426.0,8167.380000000001
17861.0,5127.689999999999
12956.0,521.8899999999999
17182.0,321.3
17307.0,3999.8900000000003
18087.0,14761.519999999999
13819.0,2642.35
16139.0,1111.15
18223.0,14000.85
17127.0,1155.03
13491.0,4566.5599999999995
13854.0,12253.96
17801.0,798.3300000000002
13869.0,8111.569999999999
14911.0,295972.6300000003
16700.0,9167.71
15287.0,856.0300000000001
15255.0,3729.4199999999996
16558.0,13873.509999999997
17850.0,56600.07999999999
15672.0,45.300000000000004
14119.0,183.37
17740.0,426.90000000000003
15747.0,2562.61
18229.0,10803.710000000001
13786.0,3358.9399999999996
13727.0,1080.05
13091.0,2321.8200000000006
17754.0,4577.529999999999
15920.0,571.6399999999999
18286.0,1296.4300000000005
14854.0,4322.860000000001
17419.0,6500.519999999999
16167.0,1386.12
16191.0,15688.019999999999
13008.0,612.13
17809.0,11337.39
16891.0,2056.8199999999993
12510.0,5178.02
18275.0,741.8500000000001
14895.0,25119.540000000005
14135.0,9643.92
15794.0,777.0
16301.0,107.33
17848.0,3650.8999999999996
15854.0,5583.81
17066.0,228.34000000000003
16551.0,2237.12
15312.0,2930.1899999999996
14198.0,1569.7299999999996
17780.0,352.90999999999997
14952.0,17629.35
16335.0,2774.0000000000005
14505.0,12001.840000000004
14422.0,10271.520000000002
16727.0,1437.4199999999998
14649.0,3775.309999999999
14990.0,305.41999999999996
15055.0,560.0699999999999
17356.0,946.4699999999998
14439.0,9443.04
15884.0,249.70000000000002
13728.0,2855.17
16057.0,3854.8500000000004
17819.0,6612.5199999999995
13756.0,9207.5
17807.0,437.87
13360.0,1553.65
14915.0,1811.2500000000002
17389.0,57224.68
17449.0,4951.150000000001
13498.0,327.37999999999994
15197.0,1877.51
13074.0,1378.74
15903.0,8939.84
14044.0,3123.0999999999995
14980.0,150.68
15466.0,1571.0100000000002
14790.0,2526.6200000000003
14897.0,3140.54
15191.0,588.05
13590.0,6349.590000000001
15358.0,17050.410000000003
16702.0,1110.83
14173.0,586.0
15841.0,2742.41
15769.0,88704.32
13178.0,14059.189999999999
13941.0,11122.3
16732.0,4387.64
15203.0,4400.18
15637.0,797.59
17287.0,4111.96
13448.0,9240.87
13190.0,570.6600000000001
16018.0,698.13
14507.0,3284.4300000000003
15785.0,5969.93
16569.0,1455.23
17618.0,4073.2400000000002
16797.0,1827.7699999999998
17679.0,3577.6100000000006
14942.0,746.56
12431.0,10857.970000000003
15198.0,571.35
12470.0,211.95000000000002
14595.0,2164.4500000000003
13192.0,2558.58
15194.0,12427.689999999999
12835.0,6043.310000000002
16748.0,3637.33
15867.0,9063.95
17526.0,4166.04
15224.0,871.3600000000001
14522.0,1758.62
15051.0,3935.1600000000008
16202.0,2501.9900000000002
17412.0,4417.519999999999
17244.0,1826.0399999999995
14092.0,7229.45
17147.0,3199.9500000000003
12682.0,24033.910000000007
12937.0,3097.6099999999997
14961.0,16410.15
17990.0,1527.6100000000001
16019.0,17465.85
14954.0,503.4399999999999
18231.0,6880.969999999999
16563.0,4422.76
17768.0,3509.5099999999998
17508.0,4579.23
14605.0,937.16
16470.0,2458.6000000000004
14085.0,10104.97
13202.0,1580.3
17409.0,7793.510000000001
18260.0,9962.110000000002
18190.0,745.6200000000001
13433.0,658.3199999999999
16329.0,1703.07
13564.0,17249.55
15833.0,80.4
14258.0,32051.34
16684.0,147142.77
14091.0,9530.08
15719.0,10223.060000000001
13623.0,2566.49
15057.0,3255.96
13813.0,2765.47
16104.0,2778.61
16459.0,71.78999999999999
18144.0,5057.999999999999
16304.0,381.6599999999999
15611.0,2997.28
17238.0,7783.100000000002
12931.0,92347.34000000001
17411.0,1425.38
16768.0,1708.12
17603.0,1793.4799999999998
16605.0,60.48
13266.0,6135.040000000002
17103.0,424.29999999999984
14461.0,6713.499999999999
17612.0,5394.86
17624.0,1568.6299999999999
14701.0,4562.090000000001
16823.0,2260.09
13481.0,3830.84
14574.0,143.7
13397.0,3191.87
14467.0,2220.99
17913.0,3479.6399999999994
17160.0,10209.160000000002
14087.0,846.2199999999998
14136.0,1570.81
17172.0,956.57
14277.0,17225.809999999998
13004.0,11650.850000000002
13562.0,4838.18
14644.0,2247.7200000000003
16699.0,994.6000000000001
14307.0,5071.03
14130.0,1882.6700000000003
13039.0,1010.73
13253.0,2951.11
17945.0,360.34999999999997
12644.0,1918.4900000000005
17584.0,5309.42
13097.0,13389.220000000001
14713.0,5418.869999999999
15555.0,12112.350000000002
13234.0,356.95
13883.0,6560.02
16713.0,14560.689999999999
12678.0,34281.18
16163.0,2849.58
15093.0,14326.109999999997
18051.0,2282.2799999999997
17799.0,6341.89
15002.0,4817.28
15967.0,3041.600000000001
17345.0,1604.68
14606.0,30861.059999999983
16451.0,1013.15
17406.0,4905.049999999999
17436.0,534.06
14293.0,3267.9300000000003
15738.0,13372.970000000001
16905.0,5034.15
14577.0,1374.25
13477.0,2834.17
14564.0,2605.62
15196.0,316.25
16912.0,4480.310000000001
12406.0,6390.360000000001
15380.0,3479.0600000000004
17853.0,1608.1899999999998
14680.0,57412.77
15070.0,843.2500000000001
14480.0,1299.52
15326.0,1700.52
15602.0,3230.5099999999998
18181.0,1205.94
17816.0,112.32
14460.0,1093.5
15680.0,4507.58
16593.0,1071.1399999999999
14695.0,1620.0700000000002
13393.0,1131.4500000000003
17095.0,2572.25
13610.0,2175.88
14543.0,14906.769999999997
14440.0,6638.7300000000005
16442.0,899.47
13327.0,9879.480000000001
16452.0,332.17
17227.0,2022.03
17998.0,639.24
12970.0,1524.9699999999998
18145.0,5617.790000000001
15077.0,2428.0800000000004
12933.0,1687.0299999999997
13872.0,919.5699999999999
13993.0,6775.710000000002
17271.0,210.38999999999996
13174.0,9494.840000000002
13983.0,7108.450000000001
16901.0,204.26000000000002
16166.0,435.83000000000004
16795.0,2492.390000000001
17593.0,8095.799999999999
17557.0,575.46
15971.0,5902.83
13557.0,3032.26
13225.0,16260.07
17757.0,9422.45
13269.0,8891.7
16168.0,10636.470000000001
17576.0,9056.810000000001
18071.0,1428.6299999999999
15079.0,3767.3500000000004
12455.0,5879.95
18115.0,9.7
18041.0,8752.380000000001
16954.0,6081.88
17963.0,651.5099999999999
16325.0,3597.4999999999995
16686.0,5070.919999999999
17978.0,1461.7599999999998
15302.0,307.99999999999994
17954.0,3966.05
13110.0,2957.47
15109.0,983.0999999999999
14134.0,11123.350000000002
15039.0,40031.43000000001
16197.0,2016.7100000000005
17428.0,31819.760000000002
14108.0,1044.96
16717.0,6986.2300000000005
17165.0,1794.3200000000002
14625.0,4497.880000000001
16027.0,2048.36
15095.0,3141.6400000000003
15682.0,318.24
15696.0,3906.57
14376.0,215.46
12872.0,3685.4900000000002
13733.0,487.03
17916.0,43.870000000000005
16705.0,43515.05099999999
17631.0,998.4900000000001
13591.0,2093.9399999999996
17866.0,1134.9499999999998
12557.0,18716.14
14151.0,679.45
14628.0,1998.0
13654.0,6308.000000000001
13531.0,1738.52
13373.0,7587.189999999999
17739.0,7730.589999999999
13643.0,2156.77
14514.0,4598.9800000000005
15015.0,2365.02
15518.0,4218.9400000000005
14646.0,528602.52
14662.0,1416.3299999999997
15260.0,9188.229999999998
17351.0,1988.2299999999998
13668.0,13089.94
16554.0,2841.7200000000003
18186.0,329.58
15409.0,131.25
17209.0,611.6
14051.0,22434.000000000004
13611.0,3319.5299999999997
12523.0,4372.15
13148.0,8621.810000000001
16293.0,4657.950000000001
16098.0,4448.1
15586.0,1139.1
16011.0,5880.460000000001
16086.0,2864.9900000000002
14396.0,2121.93
16670.0,8030.15
14519.0,206.09
13875.0,4814.37
16720.0,795.4800000000001
14420.0,1639.17
14986.0,566.9000000000001
16467.0,2869.1600000000003
14454.0,977.3
15115.0,531.8500000000001
17852.0,663.21
16308.0,5120.0
18170.0,2878.0
17048.0,2071.68
16233.0,1965.7099999999998
13487.0,846.87
15456.0,2119.2700000000004
16190.0,2723.55
17220.0,4481.749999999999
15989.0,372.51
14573.0,2621.42
14225.0,2037.02
14241.0,333.70000000000005
15046.0,7812.390000000001
14421.0,2469.369999999999
14967.0,1982.61
15999.0,20.4
17044.0,11962.3
15298.0,9459.369999999997
16439.0,310.70000000000005
13709.0,7591.749999999999
15513.0,27750.550000000007
18106.0,1461.4599999999996
12789.0,273.35
13488.0,15587.879999999997
14290.0,4516.56
16204.0,944.24
15944.0,2164.2400000000002
17402.0,5096.18
17404.0,47781.12000000001
15266.0,852.21
17139.0,19584.460000000003
13381.0,8224.369999999999
14122.0,362.41999999999996
14494.0,401.46
14966.0,1115.8400000000001
13044.0,4853.900000000001
13889.0,1991.23
16887.0,660.72
17067.0,454.54
12346.0,77556.46
13047.0,8795.16
15375.0,60.959999999999994
14207.0,157.8
13758.0,9416.98
15856.0,34220.34
18168.0,3770.2699999999995
13495.0,5374.26
13173.0,2639.3499999999995
17344.0,468.1099999999999
13823.0,3403.4500000000007
13520.0,6909.400000000001
17324.0,2301.87
14826.0,385.20000000000005
17773.0,585.27
17268.0,1733.8899999999999
12712.0,7193.659999999999
15850.0,1058.7200000000003
14477.0,1969.6
15874.0,11284.759999999998
15697.0,246.75
15265.0,3345.6400000000012
17314.0,4904.43
17530.0,3141.509999999999
16661.0,986.6300000000001
15446.0,406.95
15527.0,5575.64
15393.0,891.34
17141.0,754.3299999999997
16013.0,57446.44000000001
13672.0,419.91999999999996
16186.0,9026.109999999999
12681.0,30868.280000000002
15222.0,3550.91
14984.0,1271.41
15186.0,1403.1999999999998
14423.0,916.6099999999999
12589.0,4695.66
13036.0,307.1
15793.0,2399.5699999999997
15005.0,14106.200000000003
13748.0,2268.35
13740.0,1597.77
17841.0,70884.06999999985
13680.0,11435.670000000002
14512.0,1223.47
13042.0,1556.5400000000004
12875.0,1356.99
17984.0,1191.2700000000002
14540.0,3795.34
13070.0,751.7
13233.0,1176.46
17072.0,282.05
17982.0,138.18
18267.0,269.36999999999995
16212.0,1293.71
16388.0,186.05000000000004
16331.0,2037.6999999999998
18058.0,774.06
15372.0,6017.0599999999995
14233.0,2904.27
14306.0,3151.4
16208.0,3440.4500000000003
17479.0,389.25999999999993
13849.0,3469.2999999999997
15950.0,7180.709999999998
12555.0,129.23
17138.0,4417.27
16487.0,209.39999999999998
17863.0,5745.2
15149.0,1554.6100000000001
17298.0,957.56
15941.0,405.0
13573.0,916.47
15803.0,1929.6599999999999
12972.0,1161.2000000000003
13604.0,717.6199999999999
15622.0,7852.61
16199.0,942.75
16047.0,107.14
17514.0,542.83
16948.0,868.7700000000001
16271.0,3463.02
16568.0,1020.9000000000001
16508.0,248.8
16330.0,634.3299999999999
18196.0,1464.3100000000004
12639.0,1312.37
12848.0,208.00000000000003
14038.0,3069.88
15584.0,1277.4999999999995
14322.0,474.1
12389.0,1433.3299999999997
15250.0,60.0
13629.0,13370.86
17358.0,866.0499999999997
14097.0,422.85999999999996
13515.0,1265.8200000000002
13484.0,790.7199999999999
13417.0,1669.4899999999998
14282.0,7849.660000000001
13598.0,789.59
16347.0,3509.4100000000003
13724.0,213.00999999999993
14851.0,829.4100000000001
15259.0,1182.3799999999999
13514.0,815.9000000000001
12396.0,931.4300000000006
16344.0,842.42
13842.0,5629.91
14060.0,9519.080000000002
13128.0,263.5
17604.0,945.93
17311.0,3566.56
14186.0,1550.6299999999997
13183.0,7036.18
16002.0,169.21
15339.0,1827.8400000000001
17442.0,4620.299999999999
16170.0,6868.999999999999
18153.0,246.22
16534.0,635.9000000000002
16281.0,3424.02
15892.0,128.20000000000002
17158.0,1980.0
14257.0,5954.45
14493.0,5130.15
17478.0,1272.8
17930.0,4275.22
17488.0,336.50000000000006
12380.0,9676.300000000001
17760.0,918.9299999999998
12726.0,4014.6000000000004
12873.0,2027.3000000000004
13048.0,4084.2100000000005
12495.0,357.4
13252.0,399.3
14079.0,618.73
17092.0,5594.96
13304.0,1217.99
12567.0,13709.86
14639.0,4978.959999999999
13340.0,22100.56
13797.0,1179.4500000000003
16707.0,551.1100000000001
12638.0,921.49
16615.0,291.5
15861.0,4401.79
12391.0,2773.42
14878.0,4105.240000000001
16917.0,1857.8300000000004
14947.0,1049.79
16943.0,1299.4899999999998
17905.0,2383.52
15317.0,129.75
17361.0,880.64
13294.0,1689.5299999999997
15227.0,2488.4900000000002
17301.0,330.43000000000006
12823.0,6501.5
12668.0,11444.68
13530.0,402.98
12701.0,2446.41
17933.0,114.69
16928.0,4113.23
15766.0,831.06
13815.0,7475.740000000002
13916.0,1275.81
13454.0,219.86999999999998
14496.0,2668.2299999999996
16714.0,1529.7999999999993
14244.0,366.4200000000001
13662.0,2250.11
18283.0,2736.6500000000005
15030.0,1979.9099999999999
16303.0,7928.270000000002
13445.0,241.89999999999998
14682.0,1514.81
16838.0,1159.6100000000001
17931.0,3437.29
18151.0,1879.4399999999998
13150.0,449.96999999999997
15504.0,423.85
13503.0,1905.3899999999999
13896.0,388.55
15588.0,579.6
17365.0,8224.980000000001
17146.0,5860.240000000001
17332.0,838.2699999999998
14403.0,1880.51
15123.0,4656.169999999999
14292.0,9226.25
14820.0,1274.76
14584.0,1747.9099999999994
15928.0,293.53000000000003
13663.0,2047.51
16099.0,1573.1999999999998
17663.0,5175.83
16741.0,173.06
15797.0,2821.08
16519.0,556.26
17568.0,382.7899999999998
12484.0,6370.150000000001
17107.0,16075.420000000002
16412.0,647.23
15293.0,247.50000000000003
17955.0,949.9
13659.0,4894.88
15058.0,3410.0299999999997
14459.0,5375.740999999998
13214.0,3264.230000000001
14832.0,322.69
13650.0,3287.9999999999995
13459.0,1160.4099999999996
16704.0,695.66
17575.0,171.7
17439.0,325.74
14877.0,437.0
17348.0,2476.41
15988.0,770.0899999999999
15137.0,823.4
15765.0,370.6299999999999
13761.0,1952.17
13230.0,6360.780000000001
12418.0,2021.2
14202.0,847.76
18064.0,4495.030000000001
13119.0,134.9
17547.0,727.8499999999999
14651.0,2034.12
15918.0,582.8799999999999
14464.0,111.0
12800.0,584.25
16147.0,2398.91
16419.0,1487.4199999999998
13957.0,458.25
17829.0,4756.7400000000025
14924.0,931.01
12745.0,925.4099999999999
15425.0,1944.5699999999997
12945.0,900.1100000000001
16300.0,1392.4300000000003
16911.0,255.24999999999994
13490.0,154.25
17534.0,1668.8300000000004
12825.0,518.63
12514.0,1597.7600000000002
16978.0,768.8799999999999
18179.0,2547.55
15673.0,6414.79
13469.0,82.4
14740.0,4161.06
14562.0,6729.399999999999
18070.0,314.1
12500.0,5955.21
17319.0,29.1
17426.0,8077.77
17721.0,307.21000000000004
18009.0,2155.8300000000004
16960.0,2043.43
16854.0,1408.9600000000005
12542.0,481.87999999999994
12776.0,55.5
13579.0,1539.04
15955.0,8658.36
17305.0,2135.46
13820.0,660.6500000000001
14227.0,6368.710000000002
16008.0,5384.129999999999
12606.0,21.0
15702.0,140.39000000000001
16447.0,775.1399999999996
15219.0,685.45
12525.0,973.7299999999998
17685.0,5943.17
17789.0,397.15
13944.0,200.43000000000004
17116.0,389.78000000000003
18039.0,579.1700000000001
17281.0,797.8499999999999
14909.0,1404.6799999999998
13431.0,3316.2399999999993
13765.0,352.82099999999997
16984.0,10754.800000000001
16652.0,17550.39
17133.0,14622.330000000002
13101.0,695.4
13835.0,1095.2700000000002
15929.0,594.0
13969.0,13365.870000000003
13242.0,699.4
17353.0,3242.0
15784.0,848.3299999999999
17294.0,467.7900000000001
13587.0,1673.5
16668.0,862.4200000000001
16860.0,1610.6199999999997
12360.0,4252.889999999999
13879.0,395.5
17682.0,4456.78
13783.0,1542.09
16681.0,1921.8400000000001
15374.0,307.32000000000005
17550.0,2547.6400000000003
16511.0,1819.0199999999998
12594.0,5090.11
17338.0,12142.569999999998
14704.0,1813.5700000000002
17083.0,4049.79
15306.0,3484.73
14762.0,417.56999999999994
16137.0,422.7
16037.0,1509.34
13595.0,818.2200000000001
17159.0,2099.59
15182.0,2998.9519999999993
15563.0,2867.0000000000005
14047.0,4255.03
15023.0,12170.68
17359.0,284.46
16336.0,3517.6900000000005
16416.0,2972.8799999999997
16970.0,71.4
16450.0,1505.7300000000005
12568.0,70.0
16385.0,1030.61
16326.0,4826.99
17207.0,303.2200000000001
13911.0,4234.99
16258.0,11942.52
14316.0,1370.34
13357.0,3838.360000000001
16977.0,496.0
13243.0,1278.04
15695.0,1131.0400000000002
18152.0,426.69
12908.0,1776.0
13583.0,1445.0310000000002
16067.0,3395.29
12692.0,110.95
14365.0,634.6800000000002
16834.0,898.96
16118.0,4376.25
13466.0,1013.3500000000001
14613.0,76.32000000000001
15221.0,2465.45
16254.0,985.1400000000002
16444.0,3656.58
13870.0,5712.079999999999
12891.0,840.5
16225.0,2867.4099999999994
16619.0,1938.33
16756.0,1312.37
15117.0,2485.97
16383.0,2974.8399999999997
12663.0,239.4
13540.0,632.3900000000001
13276.0,1939.2600000000002
17849.0,1063.76
16873.0,14617.390000000001
13020.0,618.96
14152.0,1997.34
17195.0,562.9799999999998
12998.0,920.0800000000002
16471.0,1189.98
13771.0,5728.82
13793.0,96.0
15105.0,3094.91
13434.0,1666.8600000000001
14131.0,187.86999999999995
13824.0,3314.76
16246.0,827.25
14989.0,342.40000000000003
14798.0,724.3100000000001
15022.0,1186.0900000000001
12805.0,1434.95
13293.0,1192.94
15603.0,88.48
14195.0,2615.6
13497.0,1320.3300000000002
15561.0,1934.3900000000003
16636.0,3802.0399999999995
13275.0,241.65999999999994
16430.0,1117.94
12426.0,1345.21
18069.0,4540.5599999999995
15416.0,4572.82
16840.0,139.85
18101.0,629.16
16584.0,3163.67
12371.0,4067.38
15389.0,2733.8
13975.0,5358.84
13446.0,3881.89
17960.0,135.08
12373.0,1127.65
13201.0,1240.6100000000001
15946.0,2304.1800000000003
17763.0,86.15
16693.0,1199.46
16182.0,9971.65
13187.0,367.00999999999993
16535.0,1001.5899999999999
17350.0,1906.041
17731.0,1708.9899999999998
15443.0,5175.93
15659.0,532.49
15990.0,2010.05
14205.0,2414.2000000000003
18063.0,186.60000000000002
17349.0,852.2499999999998
14469.0,2112.2099999999996
17226.0,900.1199999999999
15606.0,5230.99
14928.0,223.91
16895.0,1121.4199999999998
17838.0,6722.900000000002
15964.0,272.96
14852.0,6147.180000000001
14177.0,2229.34
18029.0,433.77
16586.0,1462.78
18178.0,6103.74
12727.0,5679.53
17589.0,14049.869999999997
14315.0,3197.82
13851.0,4606.460000000001
15477.0,368.4
15569.0,3586.3500000000004
13881.0,45179.1
15847.0,822.5699999999999
16275.0,2151.1099999999997
18149.0,1624.71
18078.0,844.6000000000001
15789.0,1962.01
17050.0,4691.79
15422.0,1619.9700000000003
15366.0,2389.0800000000004
17266.0,517.73
16530.0,48.349999999999994
17171.0,384.59
17011.0,671.7
16939.0,449.0
16521.0,1148.0100000000007
13600.0,518.4200000000001
17259.0,1889.3400000000001
17667.0,3950.7
16096.0,1584.9700000000003
14729.0,907.3799999999999
13511.0,282.76
17029.0,2137.3
15371.0,59.400000000000006
17081.0,964.3899999999996
16242.0,7474.399999999999
12416.0,202.56
13508.0,287.04999999999995
18016.0,1960.46
14545.0,349.25
15538.0,3358.4
12898.0,310.96000000000004
13334.0,6263.750000000002
15760.0,13916.34
17001.0,6640.8
15845.0,4426.28
16992.0,5476.500000000001
15288.0,3883.13
16946.0,1222.04
18166.0,175.5
16291.0,117.72
13443.0,1280.16
17876.0,3424.02
14890.0,817.2500000000001
14175.0,7678.88
15091.0,1046.6100000000001
15448.0,788.81
14018.0,367.15
12497.0,6248.499999999998
17542.0,341.69999999999993
17857.0,28682.239999999998
16571.0,4248.74
15295.0,217.2399999999999
14535.0,6030.7300000000005
13900.0,1610.5900000000004
13705.0,2035.3300000000002
16051.0,188.44
15558.0,214.12999999999997
16955.0,1309.4099999999999
13157.0,5687.359999999999
16537.0,23.35
15008.0,360.0
16090.0,205.91
14026.0,713.1099999999999
16161.0,12831.800000000003
13421.0,4103.12
17025.0,1510.64
12791.0,1056.11
15487.0,231.32000000000002
13874.0,2049.15
15580.0,1381.1900000000003
17774.0,3328.0499999999997
18218.0,1142.0
17588.0,2939.55
15807.0,1817.5199999999998
16553.0,16644.010000000002
12976.0,3156.38
14006.0,2196.67
14818.0,1170.4099999999999
16177.0,2247.31
12869.0,337.66999999999996
13052.0,3168.53
15290.0,10496.279999999999
14857.0,3651.851
12402.0,1256.8999999999999
17241.0,2744.1399999999994
18135.0,1249.62
13451.0,7190.92
15660.0,2812.9900000000002
18257.0,4600.150000000001
13217.0,666.48
13799.0,2803.5699999999997
14147.0,2590.2000000000003
16039.0,456.4
15086.0,218.53000000000003
18175.0,176.09999999999997
12853.0,3907.5
15791.0,3608.34
15693.0,37.5
16273.0,336.04
18046.0,189.63000000000002
16859.0,1932.41
15631.0,596.6700000000001
12361.0,511.25
17883.0,995.85
14957.0,333.28999999999996
17065.0,194.7
16397.0,127.88
12905.0,1018.4200000000002
13613.0,1039.8500000000001
15124.0,450.82
17373.0,1167.5
14748.0,3152.32
13476.0,2061.47
17484.0,209.57000000000002
16320.0,5628.990000000001
15943.0,271.28999999999996
13700.0,2613.4599999999996
13593.0,5523.6900000000005
17020.0,935.6199999999999
17734.0,1442.3200000000002
15496.0,146.14
15325.0,1602.0100000000002
13980.0,799.92
15084.0,965.2
12615.0,5740.98
12404.0,63.24
15338.0,283.4299999999999
16608.0,1288.7200000000003
18187.0,724.8900000000003
13285.0,3364.5899999999997
14609.0,1486.2
14284.0,1299.6499999999999
16544.0,376.70000000000005
14912.0,1889.25
16774.0,1594.45
16286.0,328.95
12466.0,56.73
15167.0,1659.6700000000003
12809.0,1755.94
13164.0,372.20000000000005
15094.0,83.0
16387.0,918.55
13151.0,2580.7400000000007
15279.0,1580.54
17201.0,1242.0399999999997
15278.0,496.15999999999997
15754.0,3037.61
13283.0,373.36
13612.0,818.29
14817.0,3959.86
16441.0,1034.4299999999998
13988.0,4757.799999999999
14884.0,120.6
15875.0,111.71999999999998
15003.0,1060.7000000000007
14970.0,4919.35
14807.0,519.29
12366.0,500.24
13628.0,310.14000000000004
18285.0,427.0
17552.0,3085.29
12918.0,10953.5
12711.0,1339.0500000000002
15732.0,1682.0700000000004
17647.0,331.65999999999997
14873.0,854.13
16716.0,2149.6800000000003
16611.0,1785.1299999999999
14745.0,2571.8099999999995
13615.0,6272.530000000002
15241.0,3050.16
17236.0,1929.2599999999998
15244.0,912.0800000000002
13191.0,164.69000000000003
17640.0,3168.9399999999996
14068.0,1528.37
14115.0,622.6700000000001
14402.0,285.6
12765.0,1404.58
12796.0,381.0
16310.0,460.08
14167.0,1296.49
15323.0,434.6
15630.0,1481.4
18253.0,317.88
15650.0,553.88
17672.0,5778.630000000001
17577.0,348.74999999999994
13985.0,10020.859999999999
14944.0,9784.669999999998
16846.0,842.41
12670.0,3760.29
14596.0,229.4699999999999
12870.0,1676.9500000000003
17200.0,356.71
12598.0,4534.090000000001
14157.0,1002.7800000000002
14190.0,79.9
16839.0,22310.489999999998
13316.0,13191.57
13698.0,465.53
16136.0,946.8000000000001
16731.0,174.05
14676.0,8356.79
13715.0,8483.289999999999
12645.0,3539.3
14172.0,402.72
13658.0,6025.5
15082.0,93.35
15774.0,1329.9399999999998
14770.0,3637.6400000000003
13873.0,1038.92
17006.0,1636.32
17438.0,1422.7700000000002
13057.0,722.0900000000001
17472.0,935.0999999999999
14672.0,1113.14
13480.0,627.8199999999999
17690.0,7448.100000000001
17108.0,174.95
13126.0,3998.25
14301.0,1992.1799999999998
16938.0,7043.180000000001
15927.0,123.39000000000003
14997.0,776.5999999999999
15665.0,4015.1200000000003
12742.0,1201.52
13156.0,1586.5400000000004
17342.0,1227.54
13976.0,1192.36
16359.0,2697.75
14112.0,5834.590000000001
12530.0,3759.26
13566.0,1708.12
16794.0,2090.91
13478.0,2215.7800000000007
16415.0,719.4399999999998
17049.0,9947.480000000001
13688.0,375.5
17137.0,1133.6299999999999
13305.0,3754.7100000000005
16673.0,188.82999999999998
16655.0,6548.37
13104.0,1709.1000000000001
18131.0,222.95999999999998
17778.0,197.7
15544.0,8162.43
13009.0,234.0
17145.0,3120.9100000000003
14637.0,106.67999999999998
15480.0,6278.999999999999
15591.0,217.9
13551.0,244.2
14943.0,107.62
13330.0,2806.18
14551.0,880.04
16923.0,13378.360000000002
12810.0,534.9900000000001
13107.0,5253.070000000001
15810.0,2999.04
13652.0,2570.85
15664.0,1254.03
14426.0,11727.94
18212.0,546.7199999999999
16781.0,934.25
15493.0,4314.980000000001
15921.0,802.1099999999999
13482.0,336.09
16406.0,552.6799999999998
14604.0,143.86
18194.0,4162.04
17340.0,22404.82
12369.0,1791.1499999999999
17907.0,291.76
16574.0,1301.7799999999997
17002.0,2571.5499999999997
15722.0,5258.099999999999
16108.0,2235.9199999999996
13706.0,631.1699999999998
15013.0,1641.2999999999997
13538.0,3112.73
13371.0,2297.66
15994.0,1202.1799999999998
16583.0,531.4
17328.0,104.7
12621.0,24775.809999999998
17644.0,6028.6
16285.0,176.89999999999995
17448.0,14556.970000000008
14427.0,1263.52
17695.0,1746.04
17163.0,699.78
13377.0,1552.8800000000003
12399.0,1962.3
15819.0,3934.79
13772.0,3114.22
16677.0,880.6200000000001
17325.0,609.5699999999999
13627.0,2245.9
15461.0,429.7
16132.0,664.2
18188.0,3280.5899999999997
14481.0,2311.4900000000002
13552.0,6978.92
13722.0,5635.410000000001
14166.0,256.85
15978.0,3279.4199999999996
14681.0,875.1500000000001
13971.0,4667.57
16520.0,2482.6199999999994
13406.0,568.92
16481.0,453.38
17309.0,330.59
15176.0,988.0400000000003
14072.0,390.8500000000001
13407.0,2244.7
17176.0,902.32
13240.0,1738.5199999999998
16913.0,423.90999999999997
17330.0,423.79999999999995
17228.0,3177.24
16077.0,2300.4
18148.0,114.1
16461.0,1615.22
12954.0,162.45
18247.0,839.73
18085.0,1645.7500000000002
15869.0,323.65999999999997
13392.0,91.14
17258.0,417.30000000000007
13773.0,301.54
14686.0,885.8300000000005
13834.0,324.19
13333.0,1015.7400000000001
14142.0,983.15
15385.0,942.08
14495.0,174.8
12993.0,1259.6299999999999
12570.0,77.52
16014.0,1130.27
13935.0,6116.919999999998
16283.0,4403.819999999999
15073.0,2788.0200000000004
16078.0,362.99
12846.0,15.58
13757.0,195.55
12677.0,395.1
14279.0,191.86
16577.0,380.0
17718.0,439.17999999999995
15614.0,3147.3600000000006
14249.0,5625.461000000001
14821.0,1286.45
14399.0,2113.1599999999994
16788.0,1950.3000000000002
13288.0,927.61
13802.0,26259.109999999993
16947.0,955.2100000000003
18272.0,4385.9800000000005
17051.0,714.3899999999999
16578.0,156.6
18189.0,1403.73
12370.0,4320.31
12960.0,1322.07
12731.0,25775.709999999995
18226.0,11878.880000000001
16466.0,3838.59
16777.0,1307.76
17582.0,1450.6999999999998
12483.0,5120.58
14370.0,1175.78
13131.0,3313.77
14726.0,124.75
16631.0,1892.52
17673.0,4233.58
14013.0,1084.57
17726.0,1092.06
15192.0,1981.3899999999999
16082.0,106.75000000000001
17504.0,9565.12
12909.0,3103.1900000000005
14380.0,48.96
13584.0,392.4500000000001
12665.0,313.6
12474.0,12424.45
13561.0,1820.7200000000003
17738.0,4183.56
15447.0,492.88
13092.0,2140.28
13223.0,969.12
15272.0,2085.48
14783.0,307.3
15439.0,1269.05
12524.0,11126.11
15698.0,46.2
14330.0,200.63
15959.0,579.49
16266.0,1757.9499999999998
15564.0,70.74000000000001
12932.0,1698.5600000000002
13696.0,2020.4
14369.0,469.1299999999998
17190.0,1743.0399999999995
14534.0,6271.110000000001
14400.0,1732.4700000000003
13619.0,231.69000000000003
15365.0,4557.13
17285.0,428.3399999999998
18245.0,6324.98
14344.0,3333.7000000000003
17059.0,5602.530000000001
14276.0,2102.68
17289.0,2079.3899999999994
13897.0,1160.7199999999998
15321.0,6709.730000000001
16986.0,4888.750000000001
13291.0,3320.8399999999992
12695.0,1407.12
15218.0,11516.570000000002
15512.0,331.58
14602.0,205.35999999999999
13513.0,824.5899999999999
17477.0,1144.3
13280.0,2322.6299999999997
13795.0,836.3
14872.0,816.5999999999999
17587.0,181.66000000000003
12368.0,917.6999999999999
16081.0,4460.179999999999
17847.0,129.69
16754.0,67502.47
16628.0,2318.1000000000004
15798.0,1535.37
12840.0,4041.9699999999993
15027.0,3195.5999999999995
13553.0,517.7999999999998
14497.0,697.06
13010.0,330.12
13764.0,2953.2600000000007
15437.0,393.45000000000005
14355.0,1014.4499999999998
17536.0,364.8299999999999
16390.0,467.5
17136.0,231.67999999999998
17560.0,1895.8000000000002
12482.0,23691.399999999994
14645.0,876.89
16071.0,1076.8
13018.0,9763.160000000002
14824.0,4022.9100000000017
12468.0,3670.74
15251.0,20324.54
13544.0,829.0
15775.0,150.5
12671.0,2622.481000000001
15067.0,3877.880000000001
12861.0,68.25
17715.0,489.59999999999997
14014.0,1948.2099999999998
16036.0,2556.8400000000006
16993.0,1950.95
18258.0,2059.67
12481.0,12361.39
14182.0,678.77
13719.0,2815.25
15981.0,9362.77
13414.0,2494.1400000000003
17805.0,927.03
15886.0,1052.87
15445.0,284.5
15253.0,2055.0899999999997
17031.0,2773.85
15405.0,659.8399999999999
15231.0,250.25999999999993
15141.0,1388.4700000000003
14999.0,129.48
13163.0,17.65
16827.0,392.13
17555.0,1057.7399999999998
12503.0,1126.0
14805.0,1104.64
14145.0,7600.049999999999
13015.0,6586.419999999999
15402.0,1830.5400000000002
17886.0,1608.38
15818.0,340.5
16814.0,12499.710000000003
13856.0,1142.0299999999997
15741.0,208.62000000000003
15125.0,17024.870000000003
16868.0,393.39
17798.0,183.08999999999997
16354.0,1129.51
14655.0,3878.51
16332.0,2010.41
16105.0,2386.19
13710.0,509.52
17531.0,1266.8200000000002
16654.0,1711.47
15982.0,324.50999999999993
17123.0,977.17
14101.0,9961.93
15216.0,486.09000000000003
12982.0,2744.8099999999995
12849.0,3090.56
12923.0,789.8700000000001
14563.0,679.4399999999998
16607.0,5706.87
17579.0,753.28
14409.0,3756.0899999999997
15972.0,1810.27
16890.0,285.40999999999997
13053.0,127.65
12786.0,728.4999999999999
14743.0,50.48
17225.0,131.15
15470.0,63.419999999999995
13262.0,573.45
16538.0,399.62
18028.0,192.05
13300.0,1285.51
15401.0,216.95
13760.0,1363.6399999999999
13943.0,246.54000000000002
15639.0,1065.08
15970.0,1017.3199999999998
13963.0,3011.8700000000003
15111.0,2730.87
13024.0,555.8700000000001
17729.0,438.6500000000001
17845.0,598.1899999999999
17518.0,329.41999999999996
14844.0,6702.43
13661.0,325.24000000000007
14683.0,146.56000000000003
17746.0,904.1800000000001
16809.0,1727.4300000000003
16256.0,1629.3700000000001
16231.0,1078.22
16279.0,5705.08
15575.0,30.1
14835.0,297.0
15410.0,4685.719999999999
14809.0,686.7600000000001
13059.0,2303.17
15252.0,2103.4100000000003
17586.0,167.4
18095.0,2303.09
15890.0,535.65
16941.0,33.0
16369.0,2664.8100000000004
14623.0,2059.58
12392.0,234.75000000000003
16784.0,896.5299999999999
17185.0,229.45999999999995
14978.0,3142.140000000001
15215.0,2422.43
13647.0,3071.6800000000003
15570.0,9311.040000000005
13501.0,2885.1099999999997
16028.0,82.2
13656.0,1078.8500000000001
18141.0,882.4699999999999
16290.0,2069.3
14569.0,598.98
17463.0,2557.9099999999994
14583.0,1781.0299999999997
18262.0,577.54
16088.0,1437.43
13179.0,572.3100000000001
14893.0,1809.6100000000004
17491.0,5981.07
14707.0,139.2
16115.0,2575.1400000000003
15280.0,406.22
15025.0,1013.0899999999999
12477.0,20276.37
12915.0,1174.75
12507.0,1844.06
18197.0,230.1
14074.0,219.4
18241.0,2986.99
13041.0,799.1299999999999
15381.0,1890.57
16604.0,432.45
16807.0,2123.8799999999997
15715.0,658.02
12374.0,2989.2200000000003
13103.0,709.6399999999999
15129.0,6860.18
13308.0,1670.3700000000003
17827.0,2388.0500000000006
14916.0,3042.9500000000007
17497.0,287.25
12863.0,2792.55
14744.0,3885.08
13640.0,405.0
15268.0,961.9000000000001
16185.0,644.7199999999999
16934.0,2110.99
15451.0,233.21000000000004
13220.0,1336.09
15068.0,1176.8499999999997
15391.0,289.87
14678.0,403.39
17413.0,560.14
17490.0,2750.5
17068.0,9161.080000000004
17609.0,1894.3399999999992
13609.0,167.35000000000002
13307.0,273.34
16145.0,6805.4400000000005
13207.0,535.86
13892.0,1267.65
14235.0,4717.99
15792.0,933.8399999999999
17991.0,320.55
16138.0,910.3499999999999
16906.0,1448.7999999999997
16372.0,1328.6100000000006
13734.0,6701.6399999999985
18281.0,201.14
18215.0,2247.49
13143.0,405.1
17135.0,1954.1600000000003
14391.0,135.60000000000002
16835.0,1538.4099999999999
14311.0,516.45
12632.0,804.8800000000001
15029.0,365.1
13145.0,1423.52
13838.0,1966.0900000000004
14474.0,1278.0800000000004
17608.0,498.5300000000001
16623.0,1015.24
13676.0,243.90000000000003
17678.0,599.76
12717.0,1308.91
15071.0,1455.56
14671.0,1127.4500000000003
16549.0,13182.189999999997
16259.0,361.93999999999994
12725.0,2694.5600000000004
14994.0,960.6299999999997
15590.0,1496.6000000000001
15546.0,1079.1
16884.0,1073.9199999999998
18060.0,1185.46
12821.0,220.8
16276.0,2629.3900000000003
13400.0,310.83000000000004
14907.0,6165.79
13286.0,734.9100000000001
12983.0,490.08
15709.0,327.84999999999997
15636.0,1444.58
13113.0,18625.73
17217.0,218.0
15979.0,329.21999999999997
17758.0,5012.530000000001
16658.0,814.07
12698.0,339.75000000000006
16664.0,109.19999999999999
13278.0,1435.8500000000001
17626.0,254.0
15273.0,228.96
15173.0,1494.6
15954.0,190.74999999999994
14025.0,4057.9000000000005
12494.0,1872.8700000000001
15723.0,947.6500000000002
17005.0,742.36
14788.0,1156.32
15384.0,2027.79
14588.0,135.39000000000001
15613.0,433.7199999999999
17256.0,498.92999999999995
14962.0,366.9100000000001
13778.0,1124.49
13412.0,487.34999999999997
15062.0,2585.62
16408.0,231.93000000000004
16384.0,1358.95
18254.0,267.9
16974.0,365.5
18174.0,162.5
12744.0,25317.06
15800.0,1242.58
16053.0,3634.8399999999997
16135.0,819.4499999999998
18052.0,10877.18
16456.0,6862.910000000003
18287.0,4182.99
14394.0,93.8
17565.0,131.83
15012.0,860.6199999999997
12894.0,157.35
15848.0,139.94000000000003
14692.0,1745.0900000000001
13464.0,3097.640000000001
15201.0,1842.9500000000003
15597.0,563.37
18173.0,2696.3599999999997
12844.0,648.5999999999999
17928.0,341.24
15826.0,2598.2800000000007
16614.0,1179.79
13695.0,2770.73
15478.0,2024.9799999999996
12880.0,640.13
17346.0,5322.999999999999
17759.0,1276.9099999999999
15488.0,431.92
18157.0,215.35
14706.0,390.68999999999994
17041.0,1686.28
14917.0,1123.75
16317.0,2192.51
14677.0,184.90999999999997
14129.0,2591.34
13219.0,76.23
17563.0,392.38
17292.0,271.75
17993.0,235.18999999999997
12974.0,408.95000000000005
13684.0,596.98
17994.0,2313.3199999999997
17505.0,2435.48
15289.0,1593.09
14935.0,2849.8299999999995
13888.0,2169.05
15245.0,4610.840000000001
16507.0,152.76
14283.0,628.44
17057.0,294.74
14552.0,511.28
15396.0,796.38
14221.0,6517.490000000001
14656.0,814.6500000000001
14773.0,140.55
14982.0,237.78
14200.0,379.20000000000005
15373.0,3421.3900000000003
12388.0,3901.1100000000006
14039.0,267.28
13541.0,785.25
15524.0,591.4
17676.0,2765.8399999999997
16377.0,1308.48
14918.0,5955.8099999999995
17181.0,465.37
14724.0,345.25
16374.0,1771.449999999999
16651.0,136.2
17597.0,3484.09
12990.0,955.5
12876.0,4081.790000000001
17709.0,671.01
15097.0,908.3500000000001
14572.0,5615.18
17278.0,271.24000000000007
14812.0,185.80000000000004
17605.0,160.75
16648.0,672.8
17046.0,1906.0699999999997
13625.0,301.26
16543.0,292.21
12349.0,4428.69
12958.0,539.49
14624.0,814.0699999999999
15249.0,9265.999999999998
12496.0,54.09
12643.0,8350.42
18091.0,360.85
14988.0,2066.6000000000004
14506.0,3290.67
14665.0,2749.65
16767.0,8073.800000000001
14825.0,4925.080000000001
15034.0,8313.4
14220.0,1515.0000000000002
17898.0,299.18
14378.0,131.24999999999997
15559.0,1109.3999999999996
16845.0,253.87999999999997
13432.0,439.1000000000001
14296.0,456.4000000000001
14791.0,303.63
12925.0,729.3299999999999
16130.0,987.48
14049.0,13239.03
13539.0,1569.3600000000001
17464.0,1000.94
12662.0,6988.02
13180.0,86.10000000000001
13115.0,5494.700000000001
13346.0,299.4
13102.0,11696.92
17003.0,830.1599999999999
12355.0,947.6099999999999
14265.0,1373.35
14855.0,6520.299999999999
16632.0,406.4
14304.0,1725.0100000000004
16922.0,611.0800000000008
16889.0,2530.9
16944.0,101.36
12943.0,496.5
13296.0,792.51
16121.0,1477.0900000000001
15552.0,252.51999999999998
16454.0,30.950000000000003
13425.0,3403.6299999999997
15210.0,1176.1899999999998
16054.0,2111.88
16831.0,91.8
15814.0,2634.44
12588.0,958.7799999999999
13461.0,4160.0
13775.0,1049.66
12675.0,958.5000000000002
15742.0,156.86999999999998
14853.0,1376.87
17240.0,130.6
16502.0,266.49999999999994
15689.0,521.03
17169.0,1156.73
12580.0,1052.9
12516.0,2648.62
17635.0,1265.5800000000002
15548.0,158.08999999999997
14650.0,62.5
15868.0,94.53
14017.0,229.75000000000003
12935.0,4243.86
12969.0,122.45
17021.0,1182.22
16564.0,87.79999999999998
15423.0,266.89
16836.0,782.3700000000001
17602.0,7451.129999999997
15042.0,315.45000000000005
14941.0,182.09999999999997
13803.0,1338.9099999999999
16472.0,789.5999999999999
14814.0,160.46
12409.0,23419.29
16601.0,684.2499999999999
17771.0,387.41
12377.0,3426.3199999999997
14492.0,1921.9100000000003
18093.0,4452.710000000002
14253.0,363.4
15796.0,5175.829999999999
15638.0,2265.2
15183.0,639.93
13117.0,2643.81
18163.0,728.84
17897.0,2585.0
16493.0,2132.09
14450.0,1128.44
13388.0,1185.65
16133.0,22992.260000000006
14201.0,1193.54
15354.0,284.4
12838.0,3398.4799999999996
18049.0,556.52
16847.0,614.89
15331.0,767.9099999999999
17842.0,430.69000000000005
16666.0,225.94
13197.0,373.0100000000001
17720.0,2768.91
12997.0,2110.91
14275.0,1189.38
17705.0,2083.9
17669.0,6142.349999999999
14489.0,1574.93
14264.0,1517.3600000000001
16040.0,2416.8999999999996
15426.0,2615.3900000000003
14882.0,3628.15
15122.0,4497.47
14114.0,1364.0900000000001
18111.0,405.8499999999999
15180.0,904.4300000000001
13512.0,713.3900000000001
14920.0,1607.17
15770.0,321.45000000000005
17199.0,145.12
14272.0,920.8100000000002
17016.0,552.4
13361.0,1450.5
18246.0,758.8199999999999
13974.0,677.72
13830.0,156.85
17077.0,306.0
14010.0,445.1499999999999
16898.0,1016.3700000000001
14334.0,4318.48
13939.0,1560.96
12672.0,437.05000000000007
13071.0,129.22
12806.0,2878.959999999999
13402.0,1535.1299999999999
14930.0,5246.63
16548.0,30.150000000000002
16068.0,122.93000000000004
13655.0,2280.51
18273.0,357.0
13007.0,175.25
12910.0,5796.520000000001
12395.0,5067.2699999999995
13012.0,2972.83
16570.0,7434.31
15600.0,1199.31
13998.0,566.7
18062.0,1632.67
12625.0,5164.88
12459.0,454.3599999999999
14237.0,632.1400000000001
17730.0,7773.8
16059.0,3217.7699999999995
13852.0,187.35000000000002
14926.0,359.4
14758.0,2864.97
17808.0,262.64
16833.0,2409.04
13878.0,2473.06
16117.0,654.4
14936.0,12410.810000000003
13222.0,88.5
16932.0,440.7100000000001
13723.0,1209.1999999999998
17221.0,978.52
12780.0,337.39999999999986
13238.0,1006.6300000000001
15229.0,160.5
15777.0,1762.61
17664.0,1166.23
15474.0,163.10000000000002
17545.0,1448.54
12599.0,2296.72
17553.0,3757.6
14533.0,3466.37
13713.0,743.26
14035.0,2856.72
17926.0,1035.49
17321.0,1741.18
18056.0,554.5999999999999
14813.0,1090.8699999999994
17110.0,510.69999999999993
15455.0,38.25
13863.0,1239.55
15717.0,607.0
16267.0,186.65999999999997
14513.0,788.0100000000001
17785.0,403.38
16455.0,4384.37
13712.0,766.4200000000001
16341.0,3850.790000000001
16094.0,3695.5599999999995
17093.0,235.88
14021.0,1716.58
18208.0,360.08
14845.0,150.0
14372.0,860.0799999999999
16526.0,717.2099999999998
15572.0,4068.67
13080.0,280.73
18236.0,1795.35
17474.0,1047.0
14437.0,958.84
16915.0,1543.18
14998.0,770.73
16743.0,4253.26
15704.0,3817.9600000000005
17889.0,774.87
15418.0,452.32000000000005
16737.0,835.1999999999999
16307.0,1194.92
14430.0,1220.9
16174.0,2246.75
14611.0,604.3299999999999
14011.0,457.81999999999994
17039.0,1954.99
17540.0,1590.6
16588.0,1361.28
15282.0,348.59000000000003
13051.0,155.8
15112.0,209.4
17622.0,1130.2099999999998
15101.0,1477.94
13605.0,522.67
12837.0,688.4099999999999
15454.0,307.69000000000005
16176.0,2052.69
16092.0,1587.9399999999996
15661.0,1215.95
16844.0,614.3400000000001
17382.0,902.28
16864.0,409.25
17959.0,140.75
13465.0,931.1199999999999
16323.0,353.66
15651.0,1259.06
14389.0,1898.0100000000002
13632.0,3648.150000000001
13295.0,1101.97
15199.0,3122.4
13857.0,1001.01
13213.0,3851.5200000000004
18025.0,1177.72
16921.0,446.6700000000001
18011.0,527.03
14537.0,641.4000000000001
14078.0,1692.63
13582.0,241.68
13196.0,3068.8400000000006
16292.0,1253.76
14395.0,8208.009999999998
14325.0,245.47999999999993
16532.0,8756.64
14694.0,244.31
17594.0,2497.88
12504.0,779.05
13064.0,1680.7399999999998
17482.0,778.1900000000002
12778.0,1775.6799999999998
13891.0,863.56
14361.0,214.71000000000004
12582.0,1980.3999999999996
14598.0,384.0400000000001
14850.0,1794.0099999999998
13750.0,3602.1800000000003
13450.0,4120.04
14452.0,665.59
13112.0,20.6
13649.0,1678.8799999999999
15926.0,134.44
13031.0,3419.2700000000004
14208.0,567.05
14566.0,4092.0
16539.0,3732.01
17923.0,497.0
17216.0,65.05000000000001
12911.0,1680.4700000000003
13337.0,1575.26
12424.0,3340.0300000000007
15248.0,1893.9299999999996
17339.0,362.36
14938.0,2322.4300000000003
15471.0,1316.5599999999997
13123.0,506.74999999999994
17971.0,161.94000000000005
13023.0,1449.0300000000004
15247.0,976.06
12802.0,2416.4200000000005
13297.0,4368.619999999999
12379.0,1620.22
17437.0,373.1699999999999
17953.0,160.82000000000002
13302.0,159.2
17499.0,1341.3899999999999
12637.0,8340.310000000001
14634.0,2124.4600000000005
17617.0,395.3299999999999
16089.0,271.44000000000005
17686.0,8296.810000000001
13472.0,592.24
16733.0,259.68000000000006
14553.0,1841.5399999999995
17204.0,5504.6900000000005
17741.0,101.10000000000001
17282.0,2339.66
13545.0,374.64
15969.0,1127.0499999999997
18238.0,270.9200000000001
12773.0,124.25
13109.0,1134.0300000000002
17692.0,2975.7999999999997
17422.0,3594.7599999999998
15133.0,1806.9
16896.0,103.95000000000002
16046.0,235.78
14919.0,359.34999999999997
14217.0,3416.8900000000003
18234.0,179.6
14859.0,1705.6399999999999
15127.0,711.5
12788.0,444.90000000000003
17699.0,442.0
14033.0,109.44
16175.0,1836.44
13989.0,2026.0600000000002
13861.0,273.26
12874.0,948.4200000000001
16649.0,306.5799999999999
13959.0,1076.18
13745.0,777.3600000000001
14375.0,1132.9899999999998
15361.0,689.0700000000002
16529.0,2012.0000000000005
17205.0,999.3499999999999
16565.0,773.05
15150.0,9001.080000000002
16251.0,128.31
15264.0,848.4000000000001
13909.0,286.6
15400.0,1302.3
15731.0,125.3
13428.0,499.98
15151.0,2085.61
13880.0,4391.66
18100.0,451.56
16032.0,1970.4499999999998
16739.0,786.4300000000001
16172.0,1884.5499999999997
14069.0,230.06000000000006
16683.0,320.25
15842.0,548.8
12575.0,622.8199999999999
16625.0,1654.0300000000002
17376.0,453.64
18020.0,190.48000000000002
13608.0,236.20000000000007
16486.0,134.36
16815.0,410.97
17326.0,321.9499999999999
14020.0,1249.01
13299.0,1218.6999999999998
13125.0,158.57
14139.0,1086.7999999999997
14647.0,519.9699999999999
14180.0,6319.25
12485.0,708.0999999999999
17401.0,114.84999999999998
13814.0,2257.3199999999997
14699.0,702.5999999999999
16715.0,625.52
15043.0,2873.7999999999997
15980.0,6593.680000000001
13168.0,1875.3100000000002
14168.0,370.45
15976.0,1746.6399999999999
14224.0,1897.8999999999996
17666.0,2047.7999999999997
17074.0,203.05
18044.0,3505.6099999999997
14766.0,6556.129999999999
16049.0,1899.679999999999
14847.0,1348.9499999999998
15256.0,170.4
12412.0,2596.93
17748.0,358.15000000000003
17749.0,1026.18
17790.0,2783.61
15913.0,6.300000000000001
17680.0,497.44999999999993
14104.0,771.5799999999997
13920.0,1774.6799999999998
15305.0,93.6
14308.0,1147.02
18103.0,105.8
13586.0,131.52999999999997
13942.0,320.0
13614.0,2359.1899999999996
14228.0,745.5000000000001
17651.0,5703.52
17408.0,316.09000000000003
17578.0,1047.3300000000004
14247.0,772.6599999999999
17440.0,323.58
16547.0,111.71000000000001
14366.0,136.0
12792.0,827.01
14058.0,469.18999999999994
15888.0,429.16
16926.0,1421.35
16153.0,5133.490000000001
16499.0,2578.34
15629.0,2240.8999999999996
12592.0,2582.6600000000003
16861.0,946.5899999999999
18128.0,420.0399999999999
15283.0,148.33
14615.0,951.76
17098.0,591.0699999999999
14260.0,824.2799999999999
13069.0,9683.130000000005
13567.0,1083.69
12469.0,3070.539999999998
15486.0,102.0
13029.0,1927.3
13438.0,46.5
17304.0,111.50000000000001
18096.0,1805.2799999999995
17559.0,167.62
16391.0,1103.6099999999992
12451.0,12669.88
17869.0,1036.1599999999996
17096.0,3759.1800000000003
13739.0,292.2
17713.0,1198.09
16453.0,251.70999999999995
16180.0,16249.869999999999
12415.0,144458.37000000005
16007.0,3075.14
13324.0,10513.470000000001
17101.0,2507.05
15081.0,1965.7199999999998
17099.0,582.1700000000001
15670.0,325.20000000000005
17380.0,645.0
14084.0,150.5
14619.0,1291.2399999999998
16503.0,3614.3399999999997
12730.0,829.2500000000001
17683.0,819.01
16647.0,541.9
16392.0,763.05
17090.0,3149.48
16129.0,1396.05
16691.0,178.82999999999998
12429.0,7485.91
12705.0,11762.100000000002
15824.0,890.9399999999999
16469.0,828.9100000000001
17783.0,379.9100000000001
16443.0,162.24
12656.0,6407.83
13601.0,1185.1399999999999
16356.0,415.87000000000006
14515.0,3749.2600000000007
15102.0,554.67
17080.0,957.53
15617.0,828.5500000000002
13919.0,1360.68
16035.0,217.73
18021.0,227.05999999999997
17987.0,1003.6399999999999
14075.0,1734.87
15530.0,1813.7199999999998
17571.0,1703.7500000000005
17235.0,1904.88
13859.0,515.86
17395.0,97.5
16695.0,193.14999999999992
17040.0,463.2499999999999
12774.0,98.7
17968.0,888.0400000000002
17822.0,2188.500000000001
14230.0,979.8
13065.0,1260.9099999999999
14374.0,108.0
15135.0,305.67999999999995
15056.0,133.45
13399.0,275.4
15532.0,3771.8999999999996
17902.0,216.4
14509.0,110.94999999999997
12953.0,828.81
14486.0,175.5
15905.0,114.69000000000003
14840.0,362.71
16328.0,310.83
14687.0,1402.06
16500.0,843.9100000000001
18230.0,4291.06
14797.0,300.31
13602.0,1025.1699999999998
16401.0,6849.15
17921.0,2423.4999999999995
12480.0,5464.85
17417.0,164.18
15779.0,124.08
16907.0,1707.8999999999996
16496.0,2330.7699999999995
15887.0,1027.15
18112.0,775.9599999999999
14128.0,924.21
13997.0,382.31
15757.0,2940.3600000000006
15718.0,293.78999999999996
14963.0,3164.4799999999996
14338.0,928.0999999999999
16227.0,1027.2199999999998
12527.0,735.5099999999999
13292.0,994.5099999999999
17187.0,467.71
16134.0,2145.3399999999997
17862.0,1279.0900000000004
15625.0,3236.4
16062.0,2863.45
16518.0,959.3700000000001
13056.0,209.48000000000002
14581.0,433.79999999999995
16128.0,3801.05
16515.0,3216.2999999999993
15809.0,1274.44
12653.0,4160.83
12403.0,1019.3600000000001
15352.0,114.94999999999999
17381.0,40002.369999999995
12749.0,6897.360000000001
18022.0,1651.79
17745.0,600.34
14516.0,163.91999999999996
17179.0,1507.26
17915.0,242.12999999999997
12724.0,2317.5200000000004
17310.0,1025.1
17714.0,1410.18
12378.0,5416.3200000000015
18214.0,1780.3399999999997
12696.0,851.91
16382.0,353.1
16048.0,1075.2299999999998
12529.0,316.47999999999996
14326.0,940.9799999999999
13779.0,161.12999999999997
13169.0,840.0799999999999
15720.0,741.9200000000002
17812.0,1165.8899999999999
13752.0,1590.7299999999998
13794.0,126.03000000000002
17492.0,1122.4199999999998
14498.0,3911.2699999999995
13502.0,780.5000000000001
15502.0,13993.470000000001
16825.0,1826.8899999999999
15938.0,734.81
16340.0,1526.06
14255.0,1000.63
18217.0,945.0400000000001
14734.0,1056.42
14774.0,241.45
14693.0,1165.36
14599.0,474.53999999999996
15817.0,2766.3999999999996
15958.0,492.99
15985.0,2715.28
14674.0,173.66000000000003
16209.0,4146.78
12977.0,517.63
16458.0,5715.340000000001
16894.0,1324.0600000000015
12799.0,219.35000000000002
15207.0,683.9199999999998
16679.0,793.0600000000001
13707.0,3365.86
17583.0,135.95
18206.0,314.65999999999997
16961.0,794.5599999999998
16012.0,2989.7900000000004
17239.0,1189.45
15254.0,1088.3500000000001
12619.0,3781.38
17694.0,1695.97
14248.0,1032.95
15332.0,6553.740000000002
15851.0,109.72999999999999
16110.0,1819.2699999999995
17470.0,2804.87
18042.0,281.15
12693.0,1703.0199999999998
13534.0,7720.899999999999
14436.0,271.70000000000005
15551.0,1710.0799999999997
15991.0,150.55
12746.0,254.54999999999998
14398.0,707.7900000000002
14181.0,310.55000000000007
17129.0,31.85
15340.0,105.50000000000001
13699.0,764.15
15040.0,7.49
14793.0,625.9000000000001
14618.0,1342.3200000000002
18137.0,145.99000000000004
16234.0,333.18
17009.0,242.05999999999997
12576.0,2142.72
15908.0,764.5699999999999
15872.0,795.6799999999996
12928.0,4304.889999999999
17996.0,482.3299999999999
15016.0,630.3
16205.0,1830.6099999999997
18109.0,9893.960000000001
16101.0,3229.1600000000003
12741.0,406.07000000000005
12782.0,4618.240000000001
18000.0,124.25
12864.0,299.57
15452.0,1799.1100000000004
13277.0,523.3
15786.0,8514.820000000003
17261.0,230.4399999999999
15900.0,900.3999999999999
14900.0,13.919999999999998
13255.0,904.4599999999998
14786.0,90.96000000000001
15816.0,144.15
17901.0,260.08
17034.0,1283.92
12634.0,490.0
17541.0,124.46000000000005
17691.0,780.05
15901.0,703.22
16576.0,540.87
14616.0,527.78
17194.0,812.4999999999999
13383.0,305.28000000000003
14610.0,24.35
15217.0,426.2400000000001
15076.0,1447.7400000000002
15681.0,2989.7
15734.0,2263.3
17543.0,120.04999999999998
16155.0,796.9
14874.0,116.18
14725.0,1315.2400000000002
18038.0,149.41000000000005
18279.0,231.33999999999997
15189.0,17524.38
17192.0,77.83
16072.0,4328.890000000004
16075.0,736.93
14028.0,10396.5
12829.0,385.3
18053.0,571.07
13246.0,3387.4300000000007
14508.0,874.9399999999999
16229.0,2867.8599999999997
13677.0,556.1899999999999
12963.0,3601.5899999999992
16435.0,1011.5700000000005
16925.0,125.65
15627.0,566.9
16218.0,4439.97
14309.0,3780.8099999999995
17341.0,1889.8300000000002
13129.0,233.25
12784.0,1804.7500000000005
14993.0,36.129999999999995
17784.0,112.85999999999997
17327.0,152.35
12633.0,5678.159999999999
14580.0,14.850000000000001
13559.0,990.0
18123.0,684.5899999999999
16315.0,402.71
13620.0,112.34000000000002
17952.0,819.6099999999999
16650.0,1916.1100000000001
16622.0,225.39999999999998
16492.0,385.56
14199.0,1091.6999999999998
14922.0,843.74
13509.0,1114.72
15430.0,954.75
15678.0,1893.89
14007.0,79.48
13439.0,986.6100000000001
15432.0,320.76
17143.0,924.1099999999999
14876.0,256.70000000000005
12499.0,393.71999999999997
15714.0,784.8100000000001
14902.0,1035.62
15788.0,221.83000000000004
15246.0,780.4
17515.0,1617.4600000000003
16232.0,2712.9700000000003
16021.0,532.2499999999998
12897.0,514.25
16680.0,821.45
15852.0,257.26
12841.0,7540.679999999999
14727.0,467.92999999999995
17922.0,170.4
12737.0,3710.5
15893.0,305.28000000000003
18277.0,1180.0500000000002
14521.0,199.45000000000002
13161.0,478.88
17392.0,626.56
14009.0,1099.91
14318.0,158.02000000000004
17112.0,205.17
16417.0,35.7
17248.0,546.1600000000001
14565.0,3859.2200000000003
13435.0,4475.2300000000005
16060.0,541.9499999999999
12414.0,952.41
13683.0,258.6
17811.0,9609.800000000003
15535.0,1087.82
13444.0,631.6800000000001
17649.0,1578.89
13617.0,1278.75
17132.0,1272.8
16334.0,277.48000000000013
13809.0,679.7
16937.0,202.10000000000002
15748.0,614.76
13384.0,6680.830000000001
17765.0,530.8000000000001
18140.0,536.4099999999999
17366.0,1096.24
16033.0,10836.130000000003
16477.0,4320.02
15310.0,1634.64
14187.0,123.5
16264.0,837.53
12421.0,1098.6
14342.0,918.44
16975.0,926.1200000000001
14053.0,572.3
14822.0,157.70000000000002
15424.0,597.78
13665.0,1711.66
15378.0,246.5
17743.0,229.2
14631.0,2025.69
16314.0,1491.4000000000003
12777.0,519.4499999999999
14550.0,1353.31
17430.0,735.17
15764.0,4503.08
16095.0,447.05000000000007
13785.0,542.49
16972.0,786.2499999999998
18154.0,932.5999999999999
15050.0,4193.790000000001
13005.0,999.6800000000001
15906.0,2555.6399999999994
13913.0,42.22
12547.0,383.58
16770.0,1932.13
17639.0,615.1699999999998
15855.0,1052.72
12408.0,4340.77
13766.0,190.34999999999997
17616.0,1060.8
14363.0,227.47
15962.0,295.83
15519.0,344.61
15262.0,418.82000000000005
14767.0,382.80999999999995
17384.0,507.55
14445.0,221.64999999999992
16203.0,1114.54
17156.0,591.8700000000001
14794.0,1953.9
15107.0,940.3499999999999
12554.0,468.49999999999994
13922.0,865.1999999999999
13702.0,135.18
17167.0,867.1099999999999
13045.0,808.92
16235.0,2053.71
16872.0,1213.13
16043.0,1856.5900000000001
14866.0,20850.22
12651.0,377.75
16880.0,1840.8599999999997
12458.0,1777.4900000000002
12859.0,575.0999999999999
15021.0,2783.829999999999
16562.0,223.86
12831.0,451.11
13440.0,1295.2500000000002
16428.0,660.2799999999995
14544.0,2982.4300000000007
16316.0,5744.91
14346.0,2315.75
17126.0,2070.4399999999996
13032.0,2843.5499999999997
17224.0,100.86000000000001
18124.0,111.53
16870.0,450.1600000000001
16690.0,353.03
14219.0,633.8300000000002
13140.0,1215.6799999999998
12959.0,150.95000000000002
13839.0,139.95
17109.0,1295.4599999999998
16375.0,104.0
15666.0,632.94
13424.0,572.7699999999999
13090.0,14103.09
17665.0,563.1
15543.0,242.84000000000003
15431.0,153.24
13474.0,663.79
14229.0,2594.04
14833.0,94.8
15228.0,5580.27
13046.0,949.25
13689.0,1259.5
17456.0,1225.4199999999998
16146.0,946.3800000000001
15599.0,1250.06
13788.0,3.75
17735.0,17244.93
13717.0,1763.3000000000002
15936.0,282.79
12819.0,540.5200000000001
12425.0,1741.41
16646.0,678.7999999999998
15080.0,546.25
13135.0,3371.45
12865.0,3323.47
13701.0,161.00000000000003
13884.0,1888.48
17473.0,607.0
17369.0,979.1999999999999
14635.0,215.22
16396.0,137.8
14700.0,3116.26
13548.0,908.9899999999998
14968.0,504.99
12635.0,2930.409999999999
12573.0,717.4099999999999
16819.0,182.59
13554.0,1638.2800000000007
12801.0,1071.82
15322.0,1390.8599999999997
14885.0,1598.12
15574.0,1518.6999999999998
15006.0,825.1399999999998
14144.0,30.599999999999998
17393.0,381.15000000000003
12423.0,2622.39
14212.0,2190.14
14708.0,2212.28
14435.0,90.42
18075.0,5783.290000000002
16294.0,126.05
16468.0,787.52
16100.0,582.6400000000001
17383.0,309.99
17336.0,81.12
15587.0,1522.08
14908.0,381.9
13784.0,2910.2299999999996
13084.0,122.39999999999999
14736.0,401.08
17918.0,396.3900000000001
13239.0,1594.69
16005.0,2436.22
12866.0,1227.35
15387.0,468.6499999999998
17513.0,1158.8000000000002
16421.0,526.27
16371.0,157.20000000000005
12450.0,688.2
14433.0,289.59999999999997
17728.0,4238.76
12770.0,3246.45
14776.0,3708.2999999999997
18264.0,603.25
18191.0,529.4
16299.0,193.64999999999998
17894.0,2453.38
14444.0,132.04
16042.0,2265.12
14901.0,2289.65
13320.0,2228.1000000000004
12720.0,8260.67
15596.0,3130.04
13506.0,1639.2
15462.0,737.0499999999998
14482.0,4357.91
16288.0,129.85000000000002
17834.0,730.47
17615.0,733.1999999999998
12676.0,2843.09
14268.0,354.84999999999997
12605.0,1232.9499999999998
16440.0,3856.9700000000003
13398.0,670.3400000000001
16080.0,602.56
17212.0,794.4100000000001
17403.0,400.5700000000001
14668.0,111.63000000000001
18132.0,226.89999999999998
17732.0,2470.3900000000003
16221.0,2235.51
17627.0,296.36000000000007
14312.0,3090.2900000000004
13137.0,7712.700000000002
14913.0,4073.13
15837.0,777.01
18089.0,428.45
12721.0,4013.08
14086.0,39.95
17762.0,129.75
14722.0,513.3700000000001
15166.0,167.15999999999997
18136.0,1631.3600000000004
18207.0,544.4699999999999
16979.0,2859.74
13067.0,508.51
12687.0,2138.9100000000003
16065.0,2382.6200000000003
17643.0,541.25
17177.0,119.50000000000003
18026.0,2074.0699999999997
14163.0,2594.62
15685.0,55.98000000000001
16219.0,40.8
16196.0,93.3
12771.0,282.3
14321.0,2218.0600000000004
15142.0,2619.919999999999
17284.0,2793.16
14455.0,628.2099999999999
13133.0,200.45
17300.0,393.64
12804.0,327.02
15966.0,426.5300000000001
17494.0,54.699999999999996
18227.0,388.75
13452.0,729.8
13312.0,124.75
12850.0,330.0
13250.0,256.04
18182.0,291.13
15752.0,4207.539999999999
17975.0,7028.829999999998
16165.0,79.9
15284.0,24.75
15683.0,524.54
15595.0,357.6
15363.0,1004.11
12410.0,1013.7099999999999
14153.0,233.39999999999992
15301.0,7603.4400000000005
15026.0,1061.6100000000001
14381.0,631.3400000000003
18074.0,1509.04
15652.0,1420.34
14749.0,310.15
12519.0,726.54
16832.0,417.61
15873.0,313.91999999999996
13063.0,188.39999999999998
13945.0,854.15
16522.0,433.36
15473.0,2046.0
15459.0,202.82999999999998
15092.0,776.4599999999999
12460.0,326.65
14022.0,792.1500000000001
17168.0,400.2
17299.0,1016.0800000000002
12433.0,20581.26
16289.0,136.31
14231.0,1235.62
18079.0,4242.75
14575.0,460.7099999999998
15506.0,2040.0300000000002
16345.0,1198.7400000000002
14183.0,286.28999999999996
13479.0,851.37
16589.0,612.3599999999999
16465.0,746.2399999999999
14753.0,869.51
14688.0,7713.569999999999
15074.0,1566.3300000000004
13992.0,219.5
12808.0,906.1
12476.0,14115.410000000002
17149.0,143.1
15876.0,1449.14
12862.0,1008.3200000000002
17585.0,2093.3000000000006
16799.0,495.9799999999998
13537.0,717.85
16555.0,1915.68
18048.0,401.73
12907.0,508.9099999999999
13594.0,533.3199999999999
16675.0,608.86
14630.0,338.65
14499.0,2138.97
12851.0,284.13
15677.0,1305.6299999999999
16638.0,2430.53
16983.0,3710.2200000000003
14906.0,68.44
15154.0,1388.4100000000003
12543.0,980.2500000000002
17122.0,570.5
14463.0,786.5699999999999
15072.0,187.51999999999998
14379.0,1268.9099999999996
14243.0,7431.050000000001
13155.0,1750.18
16239.0,1492.2
17055.0,239.55
18255.0,303.15
12760.0,347.8
15341.0,2402.72
12595.0,299.02000000000004
12761.0,782.95
14858.0,180.75
16045.0,3434.93
15271.0,4709.540000000001
17599.0,52.05
13796.0,289.7
13076.0,135.4
15992.0,896.6
13375.0,1792.2299999999996
14996.0,442.2900000000001
16278.0,1117.8399999999997
15870.0,862.6099999999999
14236.0,1744.6399999999999
16919.0,5125.909999999998
14787.0,110.64999999999999
16886.0,134.0
17689.0,317.08000000000004
14531.0,376.34
17215.0,186.15
12768.0,168.69000000000003
15110.0,1505.8500000000001
17792.0,370.0499999999998
17308.0,4511.76
17255.0,799.1300000000001
17471.0,321.65
18244.0,568.64
13714.0,161.35
15406.0,975.8699999999997
14384.0,58.5
15200.0,549.0499999999998
13374.0,422.80000000000007
12889.0,385.46000000000004
14001.0,4530.09
13653.0,152.2
16448.0,367.87000000000006
14094.0,335.21999999999997
14269.0,295.73
12467.0,132.79999999999998
16916.0,1123.3999999999996
14933.0,1770.0
15160.0,589.27
17062.0,1208.22
13763.0,5217.44
14756.0,2653.7599999999993
17708.0,887.9300000000001
17070.0,445.31999999999994
13927.0,708.26
12699.0,638.1100000000001
14353.0,376.5
14612.0,877.6999999999998
17981.0,239.11999999999995
12775.0,1686.12
14169.0,624.4300000000002
12411.0,346.9
15761.0,143.05
17008.0,81.36
17316.0,124.45000000000006
16193.0,630.43
14690.0,794.33
15608.0,1785.98
12419.0,503.01
16531.0,2298.3299999999995
14934.0,3503.500000000001
12562.0,4966.919999999999
17525.0,1161.9
16201.0,2112.12
12356.0,6373.679999999999
13912.0,124.94999999999999
14800.0,7774.320000000001
13083.0,395.43
15294.0,233.35
13368.0,1121.5
14585.0,1143.27
16980.0,1473.3300000000004
17390.0,149.3
14718.0,226.42000000000002
14328.0,445.05
16269.0,717.5700000000004
15261.0,1508.0000000000005
17703.0,1094.84
13639.0,1346.2700000000002
15277.0,476.34
15710.0,898.8700000000005
16140.0,1557.6
13105.0,72.0
16540.0,226.70000000000002
16241.0,4329.3099999999995
13326.0,281.76
13033.0,220.54999999999998
17938.0,144.29000000000005
16776.0,619.8499999999999
15243.0,927.2800000000002
16069.0,457.7000000000001
17767.0,413.05000000000007
15859.0,438.4599999999999
14339.0,620.27
17924.0,3536.7000000000003
14953.0,1013.7699999999995
16527.0,1272.44
13754.0,447.05000000000007
12486.0,1037.2800000000002
15314.0,820.4499999999999
16642.0,1077.4499999999998
16024.0,484.2
15174.0,481.46
13898.0,686.4000000000001
16998.0,402.0
17580.0,545.27
12454.0,16679.78
13079.0,419.18
17710.0,293.49999999999994
15647.0,169.0
13290.0,208.63
14510.0,1007.2800000000001
13035.0,1364.1999999999998
18239.0,2150.3600000000006
15134.0,1596.29
12899.0,366.4
16904.0,5132.370000000002
17533.0,34.8
14470.0,712.04
14846.0,437.4
13198.0,4974.230000000001
14240.0,1247.4900000000002
17843.0,326.23
16676.0,2361.9
14806.0,303.43000000000006
15490.0,217.59999999999997
12900.0,340.33000000000004
14868.0,4184.009999999999
13936.0,939.6600000000001
13968.0,123.66
12798.0,8510.93
12457.0,2995.91
14929.0,836.69
17264.0,279.5899999999999
13387.0,189.43999999999997
15857.0,570.48
14746.0,593.5
13195.0,172.38
15390.0,1216.6599999999999
14310.0,492.1
15728.0,544.6
18018.0,297.99
15377.0,1211.75
14716.0,565.45
17249.0,68.02999999999999
13165.0,1451.1599999999999
15645.0,1055.1699999999996
13832.0,613.6899999999999
18116.0,2154.2999999999993
15536.0,259.09000000000003
16261.0,1059.45
14462.0,2270.0099999999998
15392.0,2911.6200000000003
15960.0,410.95
15208.0,970.52
15337.0,373.02
13118.0,2415.41
14696.0,2767.8999999999996
16848.0,1411.6200000000003
14390.0,6399.83
15735.0,327.67999999999995
18243.0,515.7800000000001
18193.0,1207.3500000000001
16489.0,303.7
15931.0,239.89999999999998
12652.0,1017.0299999999997
14891.0,1106.73
13569.0,893.78
13134.0,2475.23
15024.0,4075.510000000001
15730.0,1726.5800000000004
13674.0,240.67999999999998
17944.0,75.41000000000001
15114.0,3400.1199999999994
13362.0,5394.07
14263.0,322.93
17480.0,902.03
17007.0,1120.1000000000001
14314.0,229.8
15834.0,3772.99
13581.0,280.53
12790.0,591.8500000000001
12629.0,1558.2200000000003
17483.0,591.73
14728.0,190.57999999999996
14992.0,210.49999999999997
13818.0,61.28
15281.0,8543.569999999998
17219.0,259.13
16010.0,1724.06
17817.0,807.8499999999999
13281.0,350.84999999999997
15276.0,649.5299999999997
17621.0,3175.12
15686.0,90.0
13166.0,884.1800000000001
12387.0,143.94
16445.0,602.73
13565.0,414.8
12871.0,744.02
12691.0,1170.4
15782.0,4014.1000000000004
17022.0,260.0
17094.0,402.19999999999993
17629.0,2455.5199999999995
13241.0,115.58000000000004
16198.0,1030.0410000000002
16579.0,295.04999999999995
17134.0,637.1
14657.0,1460.87
14904.0,1640.64
17152.0,2016.5
13829.0,102.0
16238.0,63.66
14975.0,472.39
17567.0,5356.030000000001
17273.0,141.12
12655.0,261.35
13574.0,421.2500000000001
16958.0,809.4399999999998
17360.0,1231.3799999999999
18055.0,11195.570000000002
16775.0,3056.89
12511.0,3084.0200000000004
17104.0,474.03000000000003
14148.0,466.29
13687.0,11880.839999999998
12475.0,1149.64
14956.0,1325.0
15995.0,696.1900000000003
16546.0,5606.47
13836.0,620.37
16726.0,2088.41
18266.0,251.09999999999997
14254.0,601.03
14358.0,400.06
16141.0,955.94
17396.0,8807.1
13792.0,383.95000000000005
15626.0,1067.5199999999998
14945.0,179.39999999999998
14197.0,390.05
14981.0,372.91999999999996
14673.0,3410.81
13906.0,42.0
12348.0,2019.4
14412.0,1426.1899999999996
13746.0,176.69
16757.0,270.48
16760.0,228.0
14127.0,1900.08
16996.0,2123.6099999999997
17397.0,1233.1799999999998
12578.0,4642.45
15347.0,1363.6000000000004
15871.0,33.099999999999994
17814.0,1617.3199999999997
13519.0,343.21
13692.0,3114.3999999999996
16903.0,1062.28
14843.0,211.79999999999995
16148.0,386.62
13022.0,65.3
14216.0,2150.04
16362.0,946.9399999999998
13106.0,603.46
13263.0,8704.690000000002
16211.0,1090.59
16991.0,1041.2099999999996
15620.0,1942.3599999999997
15773.0,774.5200000000001
17435.0,331.3500000000001
16034.0,928.72
16061.0,89.65
12946.0,324.45
12797.0,806.1099999999999
13977.0,519.81
16606.0,357.66
15143.0,563.6299999999999
16350.0,2253.89
16810.0,842.04
13274.0,360.85
17524.0,539.1399999999999
16920.0,355.45
13144.0,135.35
13395.0,1180.2299999999998
14712.0,1328.0700000000002
12505.0,955.2
17315.0,9650.600000000002
15476.0,2209.9800000000005
13073.0,418.08
13108.0,1098.52
14991.0,314.66999999999996
13546.0,1092.1399999999999
15304.0,919.55
18107.0,167.12999999999997
13556.0,200.82000000000002
13423.0,217.02999999999997
14524.0,2933.710000000001
15041.0,294.02000000000004
16857.0,352.8
12661.0,162.00000000000003
13642.0,514.7199999999999
13964.0,438.90000000000003
14663.0,490.59999999999974
14761.0,447.91999999999996
16298.0,1085.7
14266.0,40.56
13363.0,1723.8600000000004
14742.0,579.8499999999997
17823.0,494.2500000000001
17202.0,160.65
13840.0,651.4000000000003
15973.0,988.4399999999999
15501.0,402.5
12973.0,385.55
13306.0,53.65
17196.0,352.9
18017.0,688.0
15598.0,548.02
16122.0,1001.3400000000001
17045.0,827.6800000000001
15957.0,930.0999999999998
12964.0,132.24
14568.0,919.7000000000003
17111.0,476.58000000000004
17717.0,376.9199999999999
15202.0,6001.49
13516.0,1685.26
14004.0,6258.449999999999
13245.0,989.22
14571.0,161.65000000000003
13088.0,236.11000000000004
15469.0,874.25
17375.0,660.55
16263.0,351.00999999999993
18090.0,349.4
13002.0,414.13
16111.0,562.4800000000001
17026.0,208.98
13962.0,362.8
16418.0,1101.9399999999998
15616.0,317.10999999999996
17840.0,185.72000000000006
12393.0,2399.45
15011.0,416.6
15346.0,596.12
16590.0,605.9
16312.0,171.14999999999998
16437.0,301.25
14810.0,2537.02
17687.0,432.67999999999995
14350.0,972.03
12787.0,862.1800000000001
15370.0,3739.01
13257.0,149.75
13804.0,3208.52
13014.0,5381.080000000001
14118.0,458.45
12376.0,503.15
12449.0,4835.889999999999
17257.0,192.73000000000002
15190.0,834.4399999999999
13441.0,720.8999999999999
17097.0,1340.4500000000003
13578.0,147.66
12445.0,434.98
14271.0,219.13000000000005
15128.0,1783.68
15772.0,280.88000000000005
17407.0,552.8999999999999
15038.0,1309.8599999999997
16785.0,533.7800000000001
17161.0,856.0100000000001
16368.0,640.2099999999999
17657.0,126.0
16490.0,205.41000000000003
12903.0,833.5300000000001
14579.0,105.56
16990.0,344.0
16935.0,535.0999999999999
16817.0,2804.8999999999996
15778.0,307.95000000000005
13055.0,2321.1099999999997
14088.0,64036.8
16411.0,910.1899999999998
15736.0,1815.7200000000005
15159.0,22116.730000000007
16692.0,1914.6999999999998
13139.0,8202.98
18066.0,1440.4000000000003
15799.0,1424.29
16962.0,251.03999999999996
14065.0,891.02
17864.0,924.3199999999999
16491.0,1533.16
17919.0,1840.3199999999997
16214.0,2038.25
16381.0,258.6999999999999
17655.0,3652.48
16226.0,672.17
15140.0,3243.69
14875.0,2862.3999999999996
16643.0,923.1099999999999
17429.0,1357.4600000000003
17796.0,1361.9899999999998
16863.0,998.5200000000001
13194.0,472.78
13981.0,331.13999999999993
14802.0,1502.98
14410.0,2651.14
15257.0,685.9
14126.0,1172.46
17450.0,246973.09000000003
14008.0,509.03999999999996
14332.0,1943.51
16856.0,358.49
12553.0,4608.75
16306.0,1192.82
17967.0,357.29
14226.0,3002.5299999999993
16476.0,350.34999999999997
13703.0,425.56
13386.0,835.46
14617.0,190.47000000000003
17004.0,2425.1599999999994
15351.0,3738.29
17280.0,118.85999999999999
16044.0,340.84
15708.0,4378.72
13367.0,510.2
12811.0,1033.9
13205.0,2803.2
13776.0,623.98
12400.0,205.25
13177.0,512.2
16149.0,422.22
14490.0,1273.47
14319.0,494.8499999999999
15646.0,974.6099999999999
14570.0,613.7499999999999
14392.0,266.4
17038.0,743.1700000000001
14449.0,2482.8
16407.0,2821.6499999999996
17521.0,1278.06
14278.0,205.82999999999996
15934.0,2190.66
16120.0,3056.910000000001
15688.0,190.57
12751.0,268.27
18110.0,435.42999999999995
12537.0,732.9399999999998
13264.0,722.56
13970.0,846.55
17354.0,3143.4600000000023
15065.0,3326.86
18270.0,444.55
16639.0,1747.98
14829.0,1692.8400000000004
15242.0,302.04
16783.0,391.95
15177.0,948.9299999999998
14741.0,1897.5900000000001
13380.0,62.4
16348.0,1798.2199999999998
17260.0,120.95
16237.0,136.65
12817.0,690.98
15948.0,1509.09
17751.0,157.85999999999999
17510.0,514.5600000000001
16373.0,309.48999999999995
13966.0,390.86000000000007
14303.0,277.94000000000005
12694.0,1843.3500000000004
15579.0,1302.5000000000002
15356.0,3464.9500000000007
14597.0,2201.54
18284.0,461.68000000000006
13747.0,249.39999999999998
13607.0,1078.3099999999997
14024.0,645.74
13094.0,2433.12
17633.0,2057.39
15846.0,107.01000000000002
17121.0,314.74
13937.0,880.1300000000003
13215.0,81.6
17659.0,3834.79
12967.0,4306.92
13846.0,1307.7900000000002
13458.0,11959.270000000002
18210.0,2768.8300000000004
14252.0,350.99
16635.0,472.99999999999994
14048.0,748.6899999999998
16265.0,6935.17
15996.0,1686.8999999999996
15233.0,59.400000000000006
12616.0,1131.1
16178.0,612.6000000000001
17203.0,5575.880000000001
16973.0,127.0
12673.0,1230.02
14811.0,170.50000000000006
13535.0,89.5
17363.0,940.8599999999998
13034.0,922.6800000000001
13996.0,895.7600000000001
13096.0,419.70000000000005
16936.0,551.1700000000001
14972.0,145.07000000000002
17467.0,102.6
17870.0,3108.1499999999996
13251.0,252.68000000000004
17269.0,537.4599999999998
14082.0,413.36
17106.0,491.22999999999985
15161.0,119.92000000000003
17418.0,670.06
18007.0,220.32000000000002
12807.0,330.34999999999997
16433.0,384.52
12847.0,1636.8999999999996
17532.0,65.34
16420.0,75.0
17458.0,529.5799999999999
13523.0,5101.5199999999995
13138.0,1467.24
13258.0,1035.18
15170.0,81.15
12591.0,1352.1499999999999
17420.0,1084.43
14294.0,375.3399999999999
15515.0,171.80999999999997
15951.0,1013.1699999999998
17992.0,254.13000000000002
14382.0,1246.8000000000002
16252.0,295.09000000000003
16058.0,62.7
13359.0,1043.31
16899.0,1721.02
17803.0,184.65999999999997
13580.0,107.75
18160.0,1003.8799999999999
12608.0,415.78999999999996
14203.0,339.34
16224.0,1616.54
15155.0,383.96999999999997
13500.0,1466.3
13738.0,440.9299999999999
13961.0,538.4000000000001
14419.0,1260.91
15328.0,107.24000000000002
14192.0,293.74
15915.0,429.20999999999987
12563.0,249.24
15379.0,4877.84
17334.0,635.1500000000001
15158.0,606.0200000000001
16284.0,1029.77
15729.0,192.55
16386.0,1102.59
17766.0,299.60999999999996
18054.0,176.5
15986.0,354.42
17276.0,508.3899999999999
16824.0,686.24
14281.0,245.15
18098.0,550.8399999999999
16346.0,224.51000000000008
13282.0,1313.19
13331.0,262.40000000000003
12434.0,1103.4299999999998
17084.0,5202.970000000001
16083.0,2351.42
16501.0,1237.230000000002
16765.0,454.7499999999998
16865.0,130.95
17237.0,1002.0799999999999
16599.0,172.8
13915.0,70.80000000000001
17903.0,381.09000000000003
13226.0,312.46000000000004
18221.0,1424.94
17934.0,1049.15
17208.0,115.35000000000001
17210.0,253.37000000000003
13660.0,314.58999999999986
13903.0,165.45000000000002
16931.0,5233.620000000002
16367.0,1362.3999999999996
12413.0,999.45
16228.0,890.8099999999998
13646.0,326.24999999999983
16662.0,163.79999999999998
17570.0,100.0
12766.0,10068.28
16188.0,1087.6599999999999
13049.0,1408.2400000000002
15864.0,2180.76
17951.0,1636.0800000000004
18083.0,470.7299999999999
14675.0,1066.9
15968.0,418.0499999999999
14684.0,1468.5500000000002
16542.0,257.32
17977.0,1565.63
17274.0,577.3800000000001
13086.0,439.32999999999987
17355.0,285.11
17493.0,100.91
14834.0,2206.16
17558.0,259.17
14899.0,1384.88
17544.0,960.6899999999999
17275.0,114.52000000000002
13669.0,413.54999999999995
13780.0,735.8200000000002
14737.0,3554.17
17286.0,395.48
14458.0,237.41999999999996
18195.0,101.16
14932.0,1029.6599999999999
17782.0,679.02
15350.0,663.2499999999999
14176.0,916.01
15336.0,240.5
16250.0,791.3799999999999
13686.0,409.04
16343.0,687.0699999999999
13833.0,701.3599999999999
16602.0,763.3299999999999
13597.0,396.71
17089.0,128.45
17495.0,806.72
14206.0,1185.01
15131.0,80.28000000000002
16183.0,1077.8100000000002
16786.0,51.839999999999996
13624.0,462.0800000000001
17598.0,409.98
14170.0,597.3299999999999
13309.0,1706.3700000000001
14475.0,1151.15
15235.0,2937.81
16424.0,443.06
17288.0,2499.9800000000005
14189.0,5814.39
14447.0,1711.7300000000002
18127.0,561.53
15560.0,153.51999999999998
17974.0,1858.0600000000002
17170.0,178.68
15481.0,1993.3400000000004
16358.0,2919.6500000000005
13167.0,1125.15
16740.0,236.81
15028.0,1157.7099999999998
16712.0,4266.99
14193.0,1210.19
17386.0,2812.7700000000004
13691.0,212.77999999999994
13181.0,359.69
17688.0,304.20000000000005
17423.0,1118.95
13158.0,1508.1800000000003
16074.0,265.24999999999994
15724.0,310.85
15726.0,321.9100000000001
15529.0,5111.95
12739.0,2726.7299999999996
17433.0,569.96
12892.0,263.37999999999994
16223.0,1102.3500000000001
17374.0,727.1100000000001
14559.0,75.6
16724.0,147.35000000000002
18280.0,488.15
16885.0,710.7399999999999
12728.0,1070.17
17036.0,176.9
12914.0,223.98
14213.0,1192.2
16001.0,583.39
14927.0,308.19999999999993
13967.0,166.3
18278.0,414.2
12927.0,197.31
12890.0,717.2699999999998
12855.0,650.9400000000003
13671.0,194.94999999999996
15368.0,722.74
14052.0,480.80999999999995
13172.0,69.6
17868.0,234.64999999999998
18118.0,6733.220000000003
15001.0,230.85999999999996
18035.0,1276.7400000000002
16780.0,605.55
17980.0,1033.4199999999998
17744.0,2649.14
15811.0,3890.52
14526.0,262.4
12734.0,639.65
13864.0,662.4000000000001
14600.0,865.1699999999998
16687.0,157.63
18047.0,342.6899999999999
18256.0,110.7
14777.0,307.55999999999995
14405.0,195.0
17648.0,2216.3700000000003
12803.0,1092.81
13310.0,1541.2000000000003
14614.0,295.13
17878.0,1412.33
14848.0,310.56
18050.0,412.05999999999995
16821.0,113.35000000000001
15285.0,94.91999999999999
16399.0,641.8199999999999
12868.0,2247.06
18084.0,812.9300000000002
12666.0,1248.42
14417.0,604.1999999999996
12858.0,177.91999999999996
15634.0,554.6500000000001
13303.0,61.72
17033.0,1332.79
14784.0,449.93
16812.0,2392.0
15675.0,542.04
17756.0,733.6999999999999
13237.0,642.9999999999999
16640.0,179.39999999999998
13550.0,349.51
12601.0,681.26
17702.0,3144.0400000000004
12991.0,764.8199999999999
13651.0,226.85000000000002
12793.0,1017.3300000000002
17815.0,591.96
16829.0,513.32
13789.0,239.45999999999998
12347.0,5633.32
15138.0,502.5199999999999
16357.0,868.3699999999999
17254.0,470.73
13453.0,781.69
15468.0,1430.48
13124.0,4782.450000000001
17000.0,406.3
17306.0,9782.35
15635.0,100.35
12352.0,2849.84
12357.0,18287.65999999999
13549.0,1005.8000000000001
15525.0,1295.7000000000003
14077.0,615.08
16876.0,136.01000000000005
13843.0,319.75000000000006
16050.0,300.70000000000005
13547.0,175.52999999999994
14429.0,516.28
13987.0,682.5400000000001
17772.0,384.76999999999987
13721.0,741.54
13862.0,2556.0900000000006
16006.0,347.1699999999999
15458.0,370.43999999999994
17983.0,171.71
14733.0,16184.97
12353.0,406.75999999999993
17995.0,495.48
15649.0,2170.35
17548.0,731.2599999999999
12492.0,715.21
14446.0,1241.31
17872.0,235.87
17821.0,334.62
16630.0,106.80000000000001
16559.0,185.2
12887.0,222.4
16016.0,2533.94
15269.0,1225.36
13370.0,1509.7400000000007
18031.0,462.0999999999999
16665.0,135.4
13270.0,1180.0
15961.0,451.28999999999996
16402.0,511.3999999999999
15828.0,1108.8199999999997
16473.0,470.83
12961.0,211.99
13369.0,616.56
17607.0,333.81000000000006
15509.0,166.50999999999996
17820.0,183.55999999999997
17855.0,417.9399999999999
14491.0,468.13
17468.0,194.8
12996.0,355.5
17912.0,375.5
15899.0,112.5
12351.0,300.93
17937.0,4301.22
18034.0,793.7000000000003
15987.0,1682.1299999999999
15037.0,402.50999999999993
15939.0,9060.390000000001
17925.0,488.16
12753.0,21429.39
17303.0,250.03999999999994
16552.0,475.02
18161.0,1803.1
17723.0,3378.4
15018.0,607.4599999999999
16988.0,382.67
16545.0,689.8199999999999
13030.0,1227.2199999999998
15020.0,203.41999999999996
12947.0,1908.03
15495.0,246.49999999999997
18113.0,152.64000000000001
16927.0,543.05
15880.0,686.5600000000001
12386.0,660.8
14443.0,2386.4699999999993
17890.0,602.09
16893.0,401.7699999999996
14775.0,1418.46
15894.0,420.2899999999999
14448.0,375.35
13626.0,707.04
18003.0,358.61
15923.0,254.16000000000003
17378.0,10.95
12942.0,942.6499999999999
18076.0,151.49
15583.0,107.86000000000003
17223.0,873.53
15922.0,739.0
12385.0,1938.3999999999999
14627.0,462.75
12427.0,1129.3
17989.0,228.83
12767.0,949.8199999999999
17976.0,706.3800000000007
18119.0,362.2399999999999
12538.0,640.45
14721.0,115.77
14576.0,70.80000000000001
16355.0,416.35
14594.0,634.8299999999999
15545.0,428.04999999999995
14414.0,2399.3300000000004
17722.0,4430.359999999999
13955.0,545.17
15919.0,910.6099999999999
12686.0,178.28
14487.0,1453.6100000000001
17999.0,730.8999999999996
16274.0,715.9000000000003
16244.0,2579.379999999999
17556.0,300.67
18004.0,169.46999999999997
17674.0,851.7
15212.0,208.27999999999997
12441.0,347.09999999999997
15048.0,482.75
17787.0,2601.47
15540.0,460.68000000000006
15881.0,501.39
17283.0,188.46
14589.0,79.5
15211.0,1277.48
15404.0,257.06
15165.0,975.5000000000002
13011.0,101.10000000000002
18043.0,875.97
18156.0,941.1699999999994
12763.0,814.1600000000001
16413.0,528.98
17826.0,134.59000000000003
18269.0,337.20000000000005
15914.0,205.98999999999995
16194.0,308.59999999999997
13254.0,51.410000000000004
17671.0,2403.3399999999997
16752.0,414.99999999999994
17882.0,313.45999999999987
12738.0,310.69999999999993
17964.0,733.46
17601.0,421.4799999999998
17516.0,957.5500000000001
16262.0,755.1500000000002
17198.0,1213.8800000000008
16874.0,217.73999999999992
15902.0,145.01000000000002
17917.0,341.28
18114.0,220.1
14760.0,89.2
15397.0,94.0
13496.0,653.33
14959.0,695.4200000000002
17881.0,133.35000000000002
14270.0,492.6499999999999
13284.0,201.19
16573.0,663.6099999999999
17634.0,2361.9700000000007
13744.0,1156.3600000000001
14985.0,296.74999999999994
12383.0,1850.56
12585.0,2040.1
18233.0,440.0
15843.0,118.95
16349.0,53.5
14368.0,155.00000000000003
12365.0,641.38
18068.0,101.69999999999999
16112.0,195.74
12401.0,84.3
16509.0,363.7
17569.0,344.13999999999993
13301.0,618.0899999999999
14386.0,142.4
14501.0,251.21
12489.0,334.92999999999995
13837.0,271.24
15464.0,1048.8500000000006
18202.0,1396.9899999999998
14502.0,2470.6699999999983
13742.0,3131.0199999999995
13904.0,332.63999999999993
15820.0,206.98000000000002
14090.0,76.32000000000001
12754.0,3010.7400000000002
17114.0,808.6199999999999
14520.0,270.6
13184.0,1701.29
16897.0,289.7800000000001
13893.0,821.1
12845.0,354.09000000000003
15316.0,165.0
14373.0,76.55
16949.0,1286.2700000000002
12565.0,145.92
13098.0,28882.44
16745.0,7194.3
15033.0,2586.67
13951.0,674.4499999999999
14371.0,100.5
16882.0,705.1199999999999
15415.0,572.8099999999998
12735.0,779.5699999999998
15974.0,3442.149999999999
18176.0,476.34999999999997
15052.0,215.78
17162.0,1715.4600000000003
16618.0,2647.5899999999992
16333.0,26626.8
17291.0,550.8000000000001
15171.0,1289.5
14659.0,2529.9300000000003
13489.0,449.52000000000004
17619.0,218.52000000000004
13038.0,908.46
14289.0,911.26
16270.0,1141.2399999999996
14976.0,790.8600000000001
12464.0,1212.0500000000002
17277.0,1065.3500000000001
13068.0,344.0
14782.0,200.10000000000002
14162.0,289.36
12852.0,311.54999999999995
14428.0,1244.83
15589.0,478.53
15687.0,2993.1000000000004
12988.0,535.32
12501.0,2169.3899999999994
16566.0,614.66
18125.0,1142.9899999999996
17711.0,385.1
17786.0,278.74
13718.0,306.55
18032.0,73.5
13171.0,468.40999999999997
13149.0,1676.06
13328.0,1308.48
16816.0,417.06
17446.0,120.9
17517.0,153.94
17214.0,1069.12
12462.0,1189.59
16730.0,743.1099999999999
14411.0,1063.0
12561.0,238.85
15407.0,1056.4399999999996
12559.0,561.7099999999999
17118.0,157.02
15753.0,79.2
18198.0,5425.5599999999995
16073.0,122.39999999999999
17128.0,157.09
15460.0,216.76
14587.0,1601.1399999999999
17613.0,4559.149999999999
12350.0,334.40000000000003
13475.0,1431.7799999999997
16431.0,642.81
12515.0,383.7
14842.0,2824.6900000000005
12764.0,1693.8800000000003
14185.0,197.65
16425.0,302.69999999999993
15204.0,316.58000000000004
12707.0,603.42
18159.0,530.1500000000002
15139.0,178.96000000000004
12574.0,218.45000000000002
13894.0,564.62
14150.0,658.6400000000001
13817.0,382.98
15146.0,1327.1600000000005
15226.0,154.41
15780.0,475.28
15835.0,954.0899999999999
17105.0,665.78
13385.0,534.5700000000002
16378.0,362.95000000000005
14880.0,706.19
14457.0,113.64
16494.0,826.5299999999999
17507.0,605.5799999999999
16030.0,331.24000000000007
17431.0,403.30000000000007
12929.0,117.85000000000001
17830.0,398.7
12654.0,601.98
15831.0,801.7600000000001
13606.0,280.53999999999996
14779.0,386.1499999999999
16405.0,167.25
14438.0,131.9
17064.0,859.35
15090.0,381.32000000000005
15749.0,44534.3
17337.0,2027.8700000000006
17175.0,1443.69
15781.0,345.46000000000004
13725.0,1980.5600000000002
14889.0,135.9
16403.0,177.5
15236.0,321.05
14803.0,845.55
17537.0,897.6200000000003
16997.0,702.0
12502.0,3723.8700000000003
16738.0,3.75
18250.0,349.27000000000004
12551.0,168.0
13494.0,316.26
16842.0,1264.19
12944.0,604.51
17859.0,148.21
15932.0,2495.87
16850.0,332.40999999999997
14242.0,280.54999999999995
16394.0,1555.3400000000001
13221.0,847.4100000000002
15213.0,328.34999999999997
12372.0,1298.04
15395.0,107.45000000000002
13396.0,1360.9899999999998
16567.0,865.5999999999999
13865.0,501.55999999999995
15940.0,35.8
16951.0,1277.750000000001
12626.0,6620.4800000000005
18138.0,152.65
17752.0,80.64
12528.0,1933.4799999999998
17302.0,1135.63
12736.0,234.00000000000003
18155.0,371.62
17800.0,1199.01
14778.0,730.86
16084.0,436.17999999999995
13932.0,307.4
17551.0,306.84
15510.0,250.0
14188.0,2054.36
13973.0,264.7
14473.0,234.34000000000003
13956.0,1026.4199999999998
13533.0,270.79
13918.0,1212.84
16957.0,416.64
13121.0,283.7299999999999
15145.0,1194.7299999999998
13811.0,814.5
13592.0,247.96000000000004
18263.0,1213.16
17060.0,234.24
14165.0,122.53999999999999
16697.0,112.75000000000001
13505.0,4393.63
14886.0,364.80000000000007
15669.0,684.3399999999999
17874.0,683.4600000000002
14476.0,215.7
17856.0,1418.0300000000002
17535.0,164.39999999999998
13899.0,388.52000000000004
13122.0,922.3900000000002
15230.0,429.6
15671.0,2657.1299999999997
16023.0,719.8100000000001
13720.0,799.8999999999999
14297.0,1305.33
15703.0,211.5
16728.0,1054.6699999999998
13376.0,1019.76
17061.0,5232.2300000000005
15745.0,1094.59
12834.0,312.38
16804.0,536.99
16339.0,109.95000000000002
16427.0,241.06
18040.0,357.20000000000005
15206.0,420.29999999999995
17725.0,3439.0800000000004
15676.0,3435.7599999999993
16626.0,4413.1
13268.0,3214.6900000000005
15554.0,217.2
15147.0,623.5
17704.0,885.19
16808.0,288.42
15491.0,3100.0899999999997
16766.0,1145.6
13261.0,944.1
14012.0,328.8
16022.0,628.2800000000001
14903.0,2810.6300000000006
12902.0,138.68
12994.0,974.4200000000001
15214.0,1661.4399999999998
17630.0,503.5999999999999
12955.0,4757.160000000001
14377.0,617.05
17652.0,4867.720000000001
12881.0,298.0
13708.0,296.87999999999994
12999.0,455.87999999999994
12506.0,73.50000000000003
17670.0,205.7
16245.0,1413.66
15508.0,1000.2699999999999
14995.0,233.23000000000002
18183.0,632.07
13341.0,775.8499999999999
16657.0,933.6200000000001
12354.0,1079.4
15517.0,267.03000000000003
16462.0,136.0
17164.0,2467.35
14071.0,1438.8199999999993
18213.0,232.48000000000002
15220.0,1778.9599999999998
13631.0,3070.42
17795.0,350.39000000000004
15408.0,267.17999999999995
13731.0,610.5899999999999
13043.0,516.4200000000001
15528.0,229.32999999999993
15319.0,204.5
14603.0,660.0
13570.0,239.49000000000004
14245.0,1693.4499999999998
13265.0,2107.6600000000003
16297.0,301.90000000000003
12564.0,456.9000000000001
17117.0,116.19999999999997
13630.0,2031.7800000000002
12679.0,1113.0200000000002
15121.0,457.72
17367.0,168.4
15234.0,197.0
15449.0,974.5199999999998
16750.0,623.9300000000001
14046.0,154.98999999999998
15388.0,140.54
13499.0,1159.11
12604.0,254.18
15019.0,265.9999999999999
14041.0,141.41
16097.0,185.05
16389.0,1382.0700000000002
16572.0,1009.5999999999999
15047.0,343.62
17486.0,396.87000000000006
17701.0,417.95000000000005
15172.0,1624.0500000000002
14633.0,344.9000000000001
16837.0,3170.9800000000005
13345.0,389.50000000000006
14336.0,1614.9100000000003
12407.0,1708.12
14730.0,2005.0599999999995
12428.0,7956.46
13588.0,2478.95
12456.0,3181.04
18129.0,112.55
15083.0,88.19999999999999
18086.0,101.33999999999999
16672.0,8134.9400000000005
16667.0,570.13
12596.0,618.27
15436.0,1122.5299999999997
12781.0,826.74
16398.0,1705.8000000000002
13637.0,810.4999999999999
13132.0,77.3
14407.0,2157.73
12878.0,854.9899999999999
17042.0,1044.3799999999999
17058.0,1179.89
14323.0,605.0600000000001
16598.0,145.05
15632.0,3285.3099999999995
15178.0,40.5
15594.0,1771.7799999999995
16426.0,1908.25
12569.0,4124.69
16696.0,657.9
15108.0,1300.25
15053.0,697.79
13934.0,922.0999999999997
13072.0,177.14999999999998
12545.0,1000.39
16142.0,535.3400000000001
13493.0,618.63
12541.0,981.1799999999998
12363.0,552.0
17654.0,117.54999999999998
16152.0,1829.04
17272.0,2148.6299999999997
13950.0,745.06
16633.0,2883.1
14711.0,2868.7999999999993
17733.0,692.19
14632.0,114.55999999999999
15643.0,664.0
16063.0,335.32000000000005
12888.0,354.12
15364.0,913.1900000000002
14636.0,609.85
16806.0,801.4899999999998
12584.0,2338.1499999999996
14348.0,409.57
14931.0,1257.6800000000003
14066.0,152.55
17088.0,1991.01
17120.0,307.46
17102.0,25.5
13751.0,296.24999999999994
16495.0,684.4099999999999
15442.0,594.0
17946.0,149.58
15624.0,588.13
17398.0,653.3800000000001
13841.0,85.0
18010.0,174.79999999999998
16871.0,2812.3399999999997
15049.0,121.17000000000002
13060.0,307.53000000000003
12447.0,476.49
14214.0,1004.3799999999999
15132.0,977.9300000000001
18224.0,158.95000000000002
17698.0,154.95000000000002
16678.0,3109.9899999999993
17770.0,1143.2699999999998
13358.0,439.03000000000003
12669.0,2744.03
16698.0,1998.0
16609.0,5493.459999999998
15655.0,560.67
14246.0,1474.0599999999997
14759.0,1625.97
15104.0,1027.4399999999998
16621.0,813.48
15308.0,310.47
16031.0,548.94
15433.0,533.3
14023.0,584.07
15813.0,1303.91
16729.0,7239.92
17906.0,72.9
15106.0,1422.5199999999998
14223.0,991.1299999999999
16721.0,292.46999999999997
12463.0,1344.78
16517.0,162.70000000000005
15891.0,524.52
14719.0,1602.1299999999994
15644.0,812.9999999999998
16965.0,201.19
18080.0,1231.5
15806.0,784.5799999999999
13908.0,2369.55
14964.0,206.21
17972.0,136.04
18211.0,600.0700000000002
16778.0,245.94
14059.0,183.59999999999997
15935.0,416.8600000000001
13675.0,486.82
13232.0,1357.6000000000001
15457.0,237.07000000000002
17140.0,465.32
15733.0,162.3
17979.0,757.71
14273.0,559.97
17250.0,384.52000000000004
14504.0,673.2599999999995
17781.0,188.01999999999998
15648.0,657.3499999999999
15087.0,306.94
14111.0,692.85
12597.0,3811.2200000000016
15045.0,735.66
17574.0,185.64999999999998
17462.0,675.69
12520.0,2634.260000000001
15832.0,836.7899999999998
12769.0,1143.6000000000001
13120.0,30.599999999999998
13344.0,2543.72
15119.0,266.4
16449.0,707.6899999999998
16976.0,251.51999999999998
13185.0,71.4
16966.0,2154.97
16187.0,6911.4400000000005
12614.0,315.59999999999997
17775.0,56.4
16587.0,225.14999999999995
12509.0,176.5
16942.0,1920.59
13216.0,333.74
14747.0,328.2
15656.0,748.5000000000001
14586.0,237.35999999999996
15815.0,2100.6
16637.0,1154.4699999999998
14262.0,2618.2300000000005
13716.0,138.28
12818.0,1542.08
14267.0,1516.2400000000002
14352.0,1078.9599999999998
17697.0,338.95000000000005
14232.0,2048.07
15756.0,532.9600000000002
16144.0,175.2
14620.0,412.78
16801.0,1619.73
16309.0,706.5699999999999
16249.0,1800.0700000000002
16217.0,304.25
13525.0,628.78
17054.0,1356.33
15237.0,1412.3200000000004
13389.0,797.96
14036.0,626.6499999999999
15414.0,774.8999999999999
17719.0,5396.04
14056.0,8214.650000000001
17956.0,12.75
14536.0,171.8
16475.0,544.3
16617.0,151.85000000000002
12622.0,180.09999999999997
14367.0,9261.520000000002
13743.0,1341.6000000000001
15737.0,1205.12
15225.0,409.4000000000001
12901.0,17654.54
16216.0,914.9300000000002
18185.0,304.25
13636.0,949.1200000000001
14155.0,118.75
16162.0,37.4
12493.0,433.74
17879.0,178.51999999999998
12394.0,1272.48
12830.0,6814.640000000001
17263.0,63.440000000000005
12690.0,389.00999999999993
12517.0,2502.84
16818.0,3349.5699999999997
17166.0,206.33999999999997
15349.0,473.8099999999999
17562.0,1122.38
16610.0,75.66
14816.0,271.85
16659.0,39.12
15705.0,143.10000000000002
12700.0,4939.989999999998
12473.0,3938.55
15411.0,1358.8799999999999
18133.0,931.4999999999999
16581.0,105.84
14397.0,2612.9599999999996
14689.0,112.80000000000001
14888.0,369.2
15238.0,1071.99
16682.0,1027.9999999999998
16869.0,825.42
15292.0,180.93999999999997
12590.0,9864.260000000004
18073.0,3877.5200000000004
15386.0,394.14000000000004
15925.0,207.15
16113.0,161.38000000000002
12624.0,641.13
14288.0,426.6
16116.0,612.7800000000001
13972.0,190.25000000000003
15609.0,298.48
16230.0,542.03
14542.0,103.25000000000001
14287.0,176.63
15585.0,455.30000000000007
17444.0,2940.04
16055.0,134.8
14960.0,221.27000000000004
12593.0,418.1
15163.0,304.47
15069.0,1109.5300000000007
15334.0,351.66999999999996
12710.0,1149.0200000000004
15679.0,781.2799999999997
12886.0,1378.4
13391.0,59.8
14622.0,320.58
17265.0,562.8999999999999
15804.0,4206.39
14453.0,119.93000000000002
15907.0,967.4499999999995
16463.0,1422.4
12684.0,2283.63
16969.0,650.4099999999999
13365.0,2225.37
12757.0,7857.100000000001
16877.0,853.72
13339.0,860.1200000000002
13826.0,189.5
15187.0,4777.179999999999
14364.0,3717.3499999999995
12548.0,95.19999999999999
17410.0,1214.72
15582.0,682.9100000000001
13682.0,59.5
14132.0,3586.03
15952.0,806.5700000000002
15333.0,1028.56
16257.0,46.95
17501.0,288.59999999999997
12674.0,1970.6
14691.0,2114.33
13404.0,252.48999999999998
18150.0,566.5799999999999
15376.0,1233.3600000000001
18120.0,111.14999999999999
16483.0,139.35000000000002
13343.0,353.43
14765.0,254.10999999999999
12930.0,415.8
16370.0,1320.5599999999993
16644.0,833.7799999999996
13917.0,272.03999999999996
16624.0,810.5699999999999
17932.0,1331.5699999999997
13618.0,177.34000000000003
13227.0,257.7
12697.0,957.5900000000001
14503.0,3543.2600000000007
16114.0,135.75000000000003
13737.0,339.59999999999997
15909.0,191.93999999999997
16744.0,1304.7599999999998
18204.0,1993.6999999999998
17893.0,112.25000000000004
13524.0,680.1800000000001
12815.0,1063.4599999999998
14393.0,67.94999999999999
13741.0,668.4300000000001
15116.0,1352.75
13529.0,307.76
16852.0,144.91000000000003
15412.0,190.53000000000003
15258.0,623.1600000000001
17828.0,1820.0900000000001
15063.0,370.79999999999995
14823.0,321.4299999999999
13657.0,382.14
17900.0,112.19999999999999
12732.0,236.2600000000001
15453.0,1388.3699999999997
13062.0,346.98
14591.0,1447.1400000000003
12535.0,716.3500000000001
17234.0,149.89
14948.0,1101.9699999999998
14883.0,761.59
17877.0,237.61
17394.0,203.86999999999995
17970.0,582.5899999999999
16484.0,404.30000000000007
13437.0,3408.060000000001
15825.0,532.94
15440.0,383.68000000000006
12465.0,742.19
16342.0,322.41
13235.0,1031.0699999999997
16184.0,1158.7900000000002
14005.0,2874.72
15014.0,260.16999999999996
13791.0,1516.0
16967.0,319.0199999999999
16963.0,110.55000000000001
12904.0,509.5799999999999
18072.0,247.44
14697.0,188.60999999999996
17124.0,298.89000000000004
15743.0,784.4600000000002
18142.0,1019.52
14178.0,1620.929999999999
12919.0,1335.19
17527.0,939.3699999999999
16107.0,3204.1600000000003
17443.0,534.24
17658.0,595.42
16076.0,2234.73
12704.0,2340.84
14340.0,134.7
16247.0,114.56
13990.0,311.3
18235.0,1796.4800000000002
15036.0,465.5499999999998
15130.0,330.11
15507.0,492.35999999999996
17455.0,131.7
13568.0,192.85000000000005
14921.0,1316.0700000000002
18248.0,804.02
14731.0,380.02
14280.0,134.04
13492.0,1269.84
13885.0,506.8000000000001
17370.0,446.17999999999995
16324.0,428.67999999999984
17174.0,59.9
13003.0,149.05
13248.0,465.67999999999995
13517.0,2128.42
13575.0,732.0699999999999
17252.0,353.8599999999999
12432.0,5059.320000000001
17522.0,1070.71
13572.0,1384.25
15267.0,1717.36
15700.0,696.6799999999996
12620.0,1339.4099999999999
16038.0,471.78
14973.0,1314.45
18146.0,160.35000000000002
15098.0,39916.5
13456.0,1766.7200000000003
16813.0,1692.9799999999998
14500.0,356.85
14222.0,683.17
14808.0,2741.1699999999996
13867.0,1015.29
14561.0,1080.7599999999998
14795.0,131.45
16446.0,168472.5
18232.0,592.97
13887.0,349.54999999999995
16091.0,315.06
12816.0,572.2
16849.0,124.57
15897.0,222.05
16319.0,404.40000000000003
18165.0,302.46000000000004
12444.0,5005.46
16457.0,208.36
13229.0,160.95
17489.0,376.64000000000004
15668.0,76.32000000000001
17015.0,1842.56
15840.0,355.56
13420.0,159.85
14705.0,179.0
14149.0,446.62000000000006
15776.0,241.62000000000003
14768.0,192.60000000000002
17267.0,317.61999999999995
13930.0,337.3399999999999
12521.0,599.6800000000001
17024.0,95.85
15829.0,636.1400000000001
18282.0,178.05
15802.0,451.42
14529.0,620.04
17693.0,200.47
12833.0,417.37999999999994
13379.0,572.5600000000001
15706.0,1060.56
12461.0,826.8800000000001
18180.0,1843.7499999999998
12364.0,1313.1
12722.0,997.6299999999999
15618.0,776.851
14720.0,663.81
17747.0,71.4
13486.0,1122.4099999999999
13224.0,2155.9500000000007
14019.0,1421.6100000000001
12534.0,1089.18
17312.0,644.3
15942.0,337.43999999999994
15118.0,244.8
12571.0,519.61
14937.0,1621.88
14772.0,139.26
16989.0,1133.25
15746.0,196.87999999999997
16066.0,1521.87
15541.0,85.13000000000002
15578.0,127.1
12513.0,612.2900000000001
13058.0,271.4
15007.0,156.91000000000003
14305.0,1858.96
17173.0,3766.6000000000004
12518.0,2056.89
16866.0,207.73999999999998
12743.0,546.4299999999997
17724.0,1033.0
16764.0,2799.249999999998
12381.0,1845.31
13311.0,598.57
13470.0,165.0
13189.0,260.68
12384.0,585.27
16488.0,498.8
16302.0,233.22
15438.0,156.57999999999998
14116.0,1382.7400000000002
16734.0,650.51
13805.0,924.5999999999999
12642.0,1013.26
15505.0,3610.96
16706.0,531.3500000000001
17887.0,111.35
15120.0,358.8199999999999
17892.0,244.10000000000002
17837.0,1593.3799999999999
12716.0,1053.4899999999996
15653.0,877.4399999999999
17788.0,1117.9
15895.0,179.17
16102.0,1842.14
13075.0,919.61
13681.0,827.83
18121.0,673.1000000000001
13273.0,138.97999999999996
12922.0,405.38
15205.0,653.24
17948.0,358.56000000000006
13016.0,789.8899999999999
14259.0,120.0
14117.0,90.0
14076.0,122.46999999999997
12641.0,185.9
14029.0,467.65999999999997
12453.0,707.0899999999999
12680.0,880.8099999999998
16338.0,214.80000000000004
16464.0,1314.6799999999998
17073.0,1446.0899999999997
18147.0,179.34
14002.0,529.73
12981.0,372.22
17053.0,498.47999999999996
16041.0,3166.4
17637.0,547.0599999999998
15313.0,52.0
12405.0,1710.3900000000006
14567.0,1530.3600000000001
14523.0,241.09000000000003
13940.0,839.1400000000002
18081.0,343.45000000000005
12962.0,266.39000000000004
13563.0,777.53
15801.0,1063.9499999999998
18024.0,389.78000000000003
13678.0,232.60000000000005
13355.0,674.7
16582.0,313.61999999999995
17391.0,508.8
17331.0,175.2
14406.0,156.75
15701.0,1542.1400000000003
18013.0,187.29000000000005
14351.0,51.0
13621.0,213.85
15472.0,371.56
14511.0,1314.81
12610.0,2099.54
16305.0,361.2199999999999
12885.0,1175.22
13730.0,752.5999999999998
13667.0,305.0199999999998
15315.0,570.5
14387.0,1770.56
18237.0,987.0999999999999
18143.0,1000.1599999999997
12627.0,4478.529999999999
16364.0,707.04
16929.0,1295.39
14100.0,194.9
14143.0,115.8
13218.0,62.64
13200.0,870.0900000000001
16902.0,1706.88
13933.0,608.7899999999998
14034.0,651.8199999999999
18122.0,1826.2099999999991
12556.0,603.7099999999998
14331.0,462.65999999999997
16557.0,281.85
13991.0,855.97
13994.0,2313.1400000000003
13925.0,678.2499999999999
18265.0,801.5100000000001
15839.0,1048.4900000000002
15467.0,524.88
13645.0,252.1
14418.0,1937.25
17891.0,203.85999999999993
12750.0,275.88
16498.0,100.97000000000001
14658.0,247.15
16671.0,1692.27
17997.0,1970.670000000001
17899.0,155.79999999999998
12968.0,135.95
17779.0,658.5699999999999
13827.0,412.04999999999995
15089.0,2420.84
12729.0,453.0100000000001
18099.0,168.31000000000003
16536.0,548.97
17750.0,1797.5700000000006
14862.0,841.2
13507.0,2479.16
16828.0,128.5
17939.0,99.14000000000003
16762.0,1501.3799999999999
16009.0,992.7099999999998
17405.0,1031.41
14517.0,330.45000000000005
15232.0,612.0600000000001
15004.0,1246.3199999999995
13116.0,501.14000000000004
13186.0,1575.8899999999999
12688.0,4873.810000000005
17229.0,318.76
13928.0,464.57000000000005
15342.0,406.0899999999999
14383.0,1247.69
12438.0,2906.85
12397.0,2409.8999999999996
15537.0,110.92000000000003
12689.0,1247.6100000000004
17653.0,1207.5600000000002
17656.0,1674.6899999999998
16616.0,500.4200000000001
13850.0,1595.4799999999996
16272.0,411.7000000000001
16474.0,1871.5000000000002
12560.0,2134.01
13159.0,1437.85
17554.0,1952.4499999999998
14456.0,3062.3999999999996
12828.0,1018.71
17736.0,377.4399999999999
16629.0,417.72999999999985
12550.0,964.8299999999994
13430.0,679.45
14660.0,285.73999999999995
15707.0,945.5799999999997
15398.0,1345.53
15099.0,410.48
14815.0,778.5
16653.0,1212.6600000000003
18059.0,306.46000000000004
18200.0,163.8
18167.0,1384.8600000000001
14141.0,915.1300000000001
18027.0,115.30999999999999
13095.0,74.4
14067.0,374.70000000000005
16460.0,814.7199999999995
13127.0,259.16999999999996
13949.0,2427.32
15075.0,773.0300000000002
15690.0,239.76
13808.0,1747.6599999999999
12657.0,1643.1799999999998
15763.0,1086.92
18228.0,779.9
18192.0,957.9699999999999
14184.0,452.89
12718.0,238.25000000000003
13247.0,501.11999999999995
16758.0,369.34
12952.0,1387.79
14434.0,1372.8
15739.0,449.12000000000006
14757.0,420.5
16959.0,117.35000000000001
12794.0,860.4100000000001
13845.0,312.98
12685.0,2863.079999999999
16603.0,482.47
12488.0,1298.66
16669.0,1374.8699999999994
14125.0,2740.4300000000003
13147.0,712.8000000000001
12526.0,1316.6599999999999
15866.0,230.52999999999994
12640.0,1174.58
13356.0,768.2400000000001
12390.0,549.8399999999999
15762.0,583.75
13726.0,1079.6599999999999
14432.0,2255.5099999999998
16379.0,2157.4
13411.0,213.55000000000004
12715.0,353.85999999999996
14250.0,1904.0500000000006
17846.0,2033.1
15744.0,34.8
15933.0,1107.46
12936.0,1063.9
15533.0,807.5699999999999
13860.0,1245.8999999999999
16878.0,13.3
13960.0,230.22
16689.0,422.59999999999997
15399.0,815.7700000000001
18261.0,324.24
12579.0,440.41999999999996
14951.0,311.69000000000005
15344.0,563.9399999999999
12906.0,2919.8099999999995
15522.0,398.84000000000003
14196.0,335.52
15475.0,454.10999999999984
16020.0,851.0100000000001
17506.0,302.2
15175.0,224.14000000000007
18158.0,453.4000000000001
13354.0,743.5300000000003
14050.0,746.36
17317.0,2600.34
16999.0,484.82
17295.0,556.9499999999998
17037.0,1267.3199999999997
13244.0,121.74000000000001
15239.0,780.59
17498.0,272.21999999999997
14096.0,65164.78999999988
15088.0,1160.07
16157.0,656.69
14488.0,1064.2800000000002
14054.0,92.46
15263.0,156.50999999999996
12884.0,309.05000000000007
17333.0,494.24999999999994
13364.0,134.96
15035.0,252.72999999999996
16429.0,284.55
12756.0,112.08000000000001
13954.0,439.91999999999996
16438.0,798.35
17957.0,111.67999999999998
14356.0,701.23
16213.0,159.0
13704.0,2308.0599999999995
17564.0,454.01000000000005
15663.0,138.14000000000001
13812.0,539.0
13323.0,787.8500000000001
17427.0,100.8
17813.0,1770.8800000000008
14965.0,598.9999999999999
15511.0,909.23
12883.0,703.47
16360.0,3512.5300000000007
17347.0,228.96
16924.0,846.7499999999999
13336.0,795.12
15343.0,364.5
17844.0,51.56
12752.0,4366.779999999999
14780.0,447.6799999999999
13236.0,744.8499999999999
16910.0,1510.0599999999995
14887.0,1862.0
15565.0,173.16000000000003
16881.0,432.0
13272.0,276.56
13390.0,544.0799999999999
17131.0,2463.17
12814.0,125.92
14360.0,2128.23
15307.0,205.3
13321.0,567.36
12436.0,509.01000000000005
15417.0,508.8000000000001
16820.0,497.61000000000007
14359.0,912.1800000000001
13099.0,207.35999999999999
12832.0,383.03
12965.0,771.9099999999996
16591.0,213.5
12566.0,351.65000000000003
17154.0,329.34000000000003
16160.0,1025.4400000000005
17528.0,3628.499999999999
14317.0,508.58
15947.0,1708.2400000000002
16106.0,108.38
17014.0,586.33
16761.0,316.61999999999995
15930.0,426.63000000000017
12512.0,138.03000000000006
16478.0,331.00000000000006
16093.0,17.0
18222.0,443.0
14124.0,419.58000000000004
15103.0,703.36
13061.0,248.61
17079.0,118.80000000000001
16594.0,181.08999999999997
13866.0,145.67
13210.0,353.47999999999996
13536.0,3448.29
13314.0,775.9400000000003
13886.0,243.56000000000003
15348.0,158.03999999999996
13558.0,605.06
16803.0,332.29999999999995
16674.0,319.61
12879.0,573.22
12895.0,372.79999999999995
16404.0,443.0500000000001
12628.0,786.46
16268.0,667.6500000000001
17447.0,541.53
15185.0,310.62000000000006
12822.0,948.8799999999999
14164.0,1631.7700000000002
15568.0,758.29
16240.0,3718.8000000000006
12723.0,725.0699999999999
14557.0,788.3800000000001
12612.0,704.0400000000001
13759.0,659.41
16613.0,618.59
17415.0,507.8399999999999
14261.0,1163.4499999999998
14335.0,468.26
15136.0,1286.7000000000003
16215.0,242.35000000000002
16361.0,896.6600000000001
15949.0,364.71999999999997
12375.0,457.50000000000006
12995.0,211.32
16236.0,432.19999999999993
13351.0,373.94
16627.0,322.8
16169.0,1822.9699999999998
17451.0,1721.3999999999999
13483.0,140.34000000000003
16480.0,769.2899999999995
17466.0,763.28
15975.0,371.01
16189.0,215.48
17144.0,984.5699999999999
15593.0,199.8
17777.0,665.8600000000001
16747.0,836.06
13228.0,358.0
13518.0,659.4399999999998
13130.0,64.0
16968.0,439.43000000000006
13947.0,90.6
13429.0,1006.8
13644.0,2624.260000000001
12783.0,2225.91
18205.0,517.3599999999999
16181.0,305.5400000000001
12940.0,913.5400000000002
17475.0,194.36999999999995
17183.0,3347.3100000000004
17573.0,380.59999999999997
17434.0,2373.8200000000006
13347.0,341.36
16173.0,1418.3200000000002
13325.0,675.3
18033.0,97.97000000000004
16930.0,380.5500000000001
15500.0,1131.5600000000002
13350.0,979.1199999999999
13279.0,137.75
17481.0,1255.5900000000001
14652.0,114.18000000000002
16796.0,305.62
13670.0,349.70000000000016
16533.0,1095.56
13924.0,1838.85
14333.0,415.2
12546.0,1161.5
12719.0,644.95
13774.0,344.99999999999994
14109.0,144.2
16909.0,379.14000000000004
15429.0,397.35
17628.0,75.75000000000001
15492.0,659.4599999999999
13372.0,378.64
13801.0,324.79999999999995
16295.0,1328.55
16561.0,511.12
16056.0,664.85
13212.0,788.0799999999997
18126.0,206.83000000000007
15113.0,3609.33
15156.0,961.4899999999999
12856.0,2179.9300000000003
12667.0,620.13
12581.0,197.70999999999998
15017.0,125.58000000000003
14027.0,104.82000000000002
14910.0,434.35
15355.0,277.05
15667.0,301.32000000000005
13673.0,396.91999999999996
17737.0,168.24
13471.0,2531.58
17595.0,388.78999999999996
14121.0,2780.1499999999996
12630.0,1270.88
13040.0,676.99
16015.0,705.3900000000003
15883.0,396.4799999999999
17712.0,522.91
14801.0,193.1399999999999
14856.0,1311.3800000000006
14140.0,935.0499999999998
15592.0,388.58
12536.0,12601.830000000005
16248.0,152.94
17836.0,110.21
16026.0,236.09000000000006
16982.0,384.06
14642.0,96.12
13882.0,1191.1299999999999
15610.0,112.46
17520.0,546.8100000000001
12498.0,403.7
14102.0,1360.2799999999997
13806.0,256.38
14416.0,490.22
14792.0,6.2
13260.0,557.6200000000001
17206.0,204.24
15054.0,302.0999999999999
17590.0,1479.2199999999996
14830.0,197.13
13182.0,121.17999999999999
12912.0,1662.3
15821.0,570.96
18240.0,422.58000000000004
14234.0,775.4600000000003
18045.0,189.39999999999995
13876.0,122.69999999999999
16363.0,109.36000000000001
12827.0,430.15
12882.0,1463.04
14554.0,2381.0399999999995
17947.0,176.68
15787.0,948.0499999999995
14629.0,959.0099999999995
12607.0,1579.51
12812.0,229.63999999999993
15830.0,576.0
16123.0,307.78
13690.0,172.25
15066.0,893.59
16971.0,357.20999999999987
13028.0,661.3199999999999
15360.0,427.92999999999995
16793.0,243.83999999999997
18164.0,399.65000000000003
15604.0,216.39000000000001
17459.0,657.3
17148.0,124.88
13822.0,632.0
13419.0,221.05999999999995
18005.0,249.72
15286.0,240.55
15275.0,615.1399999999999
15300.0,496.4399999999999
13447.0,1129.14
16322.0,326.75
16685.0,324.24
12611.0,1193.32
14098.0,147.34999999999997
15993.0,2797.5700000000006
12552.0,437.81999999999994
17761.0,712.78
13755.0,2161.3500000000004
16337.0,151.05
13853.0,1090.14
17986.0,20.8
15576.0,940.6700000000002
18067.0,396.3300000000001
15937.0,145.35
16313.0,274.15000000000003
13176.0,492.8400000000001
12430.0,256.4
16079.0,1351.9999999999998
13858.0,216.16999999999996
14357.0,225.77000000000012
17503.0,558.96
14592.0,570.4599999999998
13006.0,81.57
17824.0,298.4
15977.0,1054.73
13810.0,1499.01
16851.0,342.45000000000005
14518.0,174.37
15320.0,267.13
14582.0,114.11
15836.0,137.37
15853.0,110.80000000000001
15096.0,219.39
17831.0,35.400000000000006
16171.0,73.2
16432.0,287.4
15444.0,1418.26
13938.0,71.66
14138.0,982.3800000000002
16753.0,223.92
13923.0,351.13000000000005
17279.0,187.82999999999998
13504.0,295.93
17620.0,81.44
13348.0,233.76
16900.0,887.1100000000004
14089.0,161.0
12572.0,1020.4200000000003
13318.0,640.76
17895.0,97.99999999999997
18088.0,167.66999999999996
13460.0,183.44
14539.0,537.48
16311.0,616.26
17078.0,378.2000000000001
15327.0,208.75000000000003
15526.0,148.44
17453.0,486.71999999999997
16790.0,1545.6199999999994
17668.0,347.75
13697.0,151.3
17549.0,148.85999999999999
13532.0,210.30999999999983
17119.0,606.91
18019.0,38.45
13914.0,626.45
16826.0,341.70000000000005
14974.0,114.39
16914.0,208.45999999999995
14638.0,443.6
12398.0,1635.6599999999999
15427.0,1483.1399999999999
17839.0,338.80000000000007
12646.0,1346.9699999999998
17030.0,146.87
13193.0,117.88000000000001
13066.0,470.80000000000007
12522.0,192.72000000000003
15516.0,62.43
17387.0,784.1100000000001
16708.0,656.6300000000001
13271.0,217.3799999999999
17186.0,144.0
14251.0,2879.7000000000007
13366.0,56.160000000000004
13467.0,1083.7099999999998
13868.0,3192.54
16505.0,777.6
14971.0,1116.5699999999993
12420.0,600.3900000000001
17086.0,2050.08
14073.0,151.04
13685.0,3119.4400000000014
14764.0,278.3
15844.0,130.74
14345.0,108.97999999999999
16243.0,409.09999999999974
16688.0,1260.8600000000004
15963.0,470.76
15553.0,437.22999999999985
17684.0,239.41
16164.0,822.4799999999999
16506.0,90.30000000000001
12772.0,892.4700000000004
15193.0,499.32
18130.0,1059.3899999999999
17832.0,155.3700000000001
15740.0,154.88000000000002
16380.0,1780.5900000000001
14015.0,917.34
17125.0,259.34999999999997
14485.0,165.75000000000003
16352.0,494.44000000000005
13422.0,2626.3000000000006
15297.0,641.94
12740.0,427.5999999999999
16052.0,362.06000000000006
17973.0,337.04
15345.0,393.54
14664.0,637.8900000000001
15000.0,490.52
17425.0,759.1699999999995
18030.0,230.64999999999998
13816.0,571.6700000000001
12446.0,1002.3099999999998
18105.0,113.48000000000002
15612.0,195.15
14179.0,719.7799999999997
14698.0,1250.76
12448.0,449.4500000000001
18104.0,754.6400000000002
12491.0,460.4000000000001
15330.0,714.96
14547.0,4007.5399999999977
15335.0,173.97000000000003
15010.0,308.94000000000005
14174.0,134.46
14923.0,749.0999999999998
17509.0,6115.140000000001
14218.0,169.48000000000002
12544.0,372.7
16179.0,215.83
13978.0,196.79
16513.0,874.5900000000001
13352.0,397.9800000000001
12824.0,397.11999999999995
16260.0,1035.45
14528.0,364.22
17614.0,390.0699999999999
16855.0,328.4
12602.0,153.12000000000003
14752.0,389.63999999999993
14158.0,507.66000000000014
18169.0,202.65000000000003
16070.0,852.1499999999999
16318.0,328.15
13160.0,91.8
13142.0,307.0899999999999
18184.0,49.8
13596.0,697.0399999999998
16800.0,1201.4900000000002
15567.0,186.01000000000002
17896.0,256.32
17523.0,652.7400000000001
13603.0,164.34
16423.0,346.12
17502.0,689.0999999999999
12950.0,1843.0
15725.0,415.2500000000001
15877.0,493.28
14093.0,442.8499999999999
17650.0,166.07999999999998
17313.0,2328.8399999999997
15463.0,126.14
17232.0,421.52000000000004
12984.0,97.5
16482.0,220.61999999999998
17500.0,1138.0
16956.0,308.74
12966.0,160.18
16751.0,1764.7199999999998
12893.0,188.14
14385.0,202.11
17600.0,161.67000000000002
12618.0,177.31
18249.0,95.34
18274.0,175.92000000000002
13146.0,228.91
14601.0,213.96000000000004
17727.0,1060.25
17806.0,546.0399999999998
15450.0,429.84
15274.0,716.5699999999999
14349.0,133.50000000000006
16376.0,987.0100000000007
16811.0,547.0699999999999
15148.0,301.28999999999996
12603.0,739.1999999999999
16516.0,101.7
16479.0,300.83
17835.0,350.64
17297.0,131.78000000000006
14946.0,100.9
18209.0,139.10000000000002
17100.0,971.74
15790.0,220.84999999999997
15168.0,106.56
17538.0,98.42000000000002
12452.0,430.57000000000005
13638.0,122.64000000000001
14789.0,197.64000000000001
14362.0,161.20000000000002
12508.0,398.27000000000004
17052.0,413.75000000000006
15009.0,1261.7799999999997
16953.0,20.8
17566.0,901.2100000000007
17357.0,388.1399999999999
12938.0,114.14
16504.0,484.37999999999977
17911.0,366.23
12659.0,91.68
17904.0,191.66999999999993
15657.0,30.0
15758.0,205.25
14354.0,163.62
17461.0,757.4599999999996
15435.0,149.29000000000005
14703.0,318.1699999999999
13522.0,125.80000000000001
15619.0,336.40000000000003
15557.0,473.65
18117.0,320.71999999999997
17379.0,404.66
15692.0,191.04000000000002
13844.0,361.62
17247.0,282.18999999999994
16789.0,80.8
14836.0,102.44999999999999
17885.0,190.18999999999997
13926.0,223.85000000000002
17636.0,285.56
12985.0,1239.3799999999999
17253.0,178.26
12660.0,245.10000000000002
14666.0,195.24999999999997
14881.0,255.4
13521.0,1093.6499999999999
13828.0,209.49000000000004
14863.0,266.76
15654.0,922.5300000000002
18216.0,481.75
16759.0,789.7900000000001
15621.0,1293.03
12702.0,219.0
17793.0,323.03999999999996
17153.0,213.77999999999997
14860.0,170.32000000000002
14661.0,107.95
12617.0,355.5300000000002
14641.0,110.46
18014.0,166.42000000000002
15699.0,309.6499999999999
13322.0,199.48
13332.0,350.9
17791.0,106.1
18139.0,8438.339999999997
17985.0,634.9499999999999
13732.0,491.86
12795.0,430.4800000000001
14804.0,353.2699999999999
17197.0,1013.01
13188.0,114.60000000000001
16025.0,439.66
16207.0,394.38
15419.0,135.86
13986.0,320.46000000000004
18082.0,703.3699999999997
14785.0,77.4
12532.0,349.83
15060.0,303.0899999999999
15556.0,279.77
15721.0,507.0799999999998
13449.0,291.88
14424.0,322.08
17385.0,261.11000000000007
12762.0,1898.5200000000007
12658.0,686.0500000000001
13170.0,116.01000000000002
15904.0,164.67999999999998
12479.0,527.2
13349.0,247.31999999999996
14950.0,371.2
14300.0,43.2
17010.0,195.36
15153.0,329.25
15531.0,2007.4399999999994
15783.0,246.3
18015.0,120.03
17942.0,77.50000000000001
12587.0,144.0
16528.0,244.41
13298.0,360.0
17936.0,389.8399999999999
13153.0,486.22
17914.0,336.4299999999999
13560.0,174.37000000000003
13017.0,204.0
12713.0,848.5499999999998
15195.0,3861.0
13790.0,348.79999999999995
15318.0,312.62
14578.0,168.63
12650.0,314.44
16000.0,12393.7
15520.0,343.49999999999994
12367.0,168.9
13436.0,196.88999999999996
15539.0,538.46
16597.0,90.04000000000002
12478.0,680.9900000000002
12442.0,172.06
12558.0,269.96000000000004
